[{"model": "auth.user", "fields": {"password": "pbkdf2_sha256$720000$KJQYBwybAF6b7RvBTl8ydC$tPpuRG9mU8fgjfbhYXPOsIl0izUpV7SBjgWvxHdAUB0=", "last_login": "2026-04-22T01:20:29Z", "is_superuser": true, "username": "caa", "first_name": "Armando", "last_name": "Amado", "email": "armandoamado54@gmail.com", "is_staff": true, "is_active": true, "date_joined": "2026-04-07T21:40:23Z", "groups": [], "user_permissions": []}}, {"model": "auth.user", "fields": {"password": "pbkdf2_sha256$720000$uFRFfrQxxuvsk8kozwYzog$wnP4yI8tP8jBG6Ll6PNiMU9zV+HYC1/BT6AnVe2QMls=", "last_login": null, "is_superuser": false, "username": "prueba1", "first_name": "prueba1", "last_name": "prueba1", "email": "prueba1@prueba1.com", "is_staff": false, "is_active": true, "date_joined": "2026-04-10T23:50:50Z", "groups": [], "user_permissions": []}}, {"model": "auth.user", "fields": {"password": "pbkdf2_sha256$720000$O00Y6TDd9JIdzzUtq9gIKD$g7fTep/jobYfItgiayIxF+YZ7bt8tqh4RMvxGVSq4tU=", "last_login": null, "is_superuser": true, "username": "aamado54", "first_name": "", "last_name": "", "email": "armandoamado54@gmail.com", "is_staff": true, "is_active": true, "date_joined": "2026-04-21T22:26:22.469Z", "groups": [], "user_permissions": []}}, {"model": "core.une", "pk": 1, "fields": {"created_at": "2026-04-07T21:46:28.010Z", "updated_at": "2026-04-08T17:54:21.839Z", "code": "FACTORING", "name": "Factoring", "name_es": "Factoraje", "default_amount_unit": "KUSD", "is_active": true, "sort_order": 1}}, {"model": "core.une", "pk": 2, "fields": {"created_at": "2026-04-07T21:46:42.128Z", "updated_at": "2026-04-08T17:54:21.840Z", "code": "LEASING", "name": "Leasing", "name_es": "Leasing", "default_amount_unit": "KUSD", "is_active": true, "sort_order": 2}}, {"model": "core.une", "pk": 3, "fields": {"created_at": "2026-04-07T21:46:59.525Z", "updated_at": "2026-04-08T17:54:21.840Z", "code": "INSURANCE", "name": "Insurance", "name_es": "Insurance", "default_amount_unit": "KUSD", "is_active": true, "sort_order": 3}}, {"model": "core.une", "pk": 4, "fields": {"created_at": "2026-04-07T21:47:18.002Z", "updated_at": "2026-04-08T17:54:21.841Z", "code": "INVESTMENT", "name": "Investment", "name_es": "Inversiones", "default_amount_unit": "KUSD", "is_active": true, "sort_order": 4}}, {"model": "core.unealias", "pk": 1, "fields": {"created_at": "2026-04-07T21:50:25.514Z", "updated_at": "2026-04-07T21:50:25.514Z", "raw_value": "Investment - WC Factoring", "une": 1, "alias_type": "origen_cliente", "is_active": true}}, {"model": "core.unealias", "pk": 2, "fields": {"created_at": "2026-04-07T21:50:47.492Z", "updated_at": "2026-04-07T21:50:47.492Z", "raw_value": "Investment - WC Leasing", "une": 2, "alias_type": "origen_cliente", "is_active": true}}, {"model": "core.unealias", "pk": 3, "fields": {"created_at": "2026-04-07T21:51:22.833Z", "updated_at": "2026-04-07T21:51:22.833Z", "raw_value": "Investment - Working capital holding group inc.", "une": 4, "alias_type": "origen_cliente", "is_active": true}}, {"model": "core.currency", "pk": 1, "fields": {"created_at": "2026-04-07T21:47:39.603Z", "updated_at": "2026-04-07T21:47:39.603Z", "code": "GTQ", "name": "Quetzal", "symbol": "Q", "is_active": true}}, {"model": "core.currency", "pk": 2, "fields": {"created_at": "2026-04-07T21:47:50.058Z", "updated_at": "2026-04-07T21:47:50.058Z", "code": "USD", "name": "DĂłlar estadounidense", "symbol": "$", "is_active": true}}, {"model": "core.metricdefinition", "pk": 1, "fields": {"created_at": "2026-04-07T21:48:21.158Z", "updated_at": "2026-04-07T21:48:21.158Z", "code": "Ingresos", "name": "Ingresos", "description": "Meta de ingresos contables por UNE y mes", "is_scored": true}}, {"model": "core.metricdefinition", "pk": 2, "fields": {"created_at": "2026-04-07T21:48:39.092Z", "updated_at": "2026-04-07T21:48:39.092Z", "code": "Clientes_nuevos", "name": "Clientes nuevos", "description": "NĂşmero de clientes nuevos por UNE y mes", "is_scored": true}}, {"model": "core.metricdefinition", "pk": 3, "fields": {"created_at": "2026-04-07T21:49:10.043Z", "updated_at": "2026-04-07T21:49:10.043Z", "code": "Venta_cruzada", "name": "Venta cruzada", "description": "Al menos una venta cruzada enviada a otra UNE en el mes.", "is_scored": true}}, {"model": "core.metricdefinition", "pk": 4, "fields": {"created_at": "2026-04-07T21:49:38.404Z", "updated_at": "2026-04-07T21:49:38.404Z", "code": "Respuesta_reqs", "name": "Respuesta a requerimientos", "description": "Cumplimiento manual de tiempos de respuesta en menos de 5 dĂ­as hĂˇbiles", "is_scored": true}}, {"model": "core.metricdefinition", "pk": 5, "fields": {"created_at": "2026-04-07T23:27:37.504Z", "updated_at": "2026-04-08T17:54:21.842Z", "code": "INGRESOS", "name": "Ingresos", "description": "Meta mensual de ingresos por UNE", "is_scored": true}}, {"model": "core.metricdefinition", "pk": 6, "fields": {"created_at": "2026-04-07T23:27:37.505Z", "updated_at": "2026-04-08T17:54:21.843Z", "code": "CLIENTES_NUEVOS", "name": "Clientes nuevos", "description": "Cantidad mensual de clientes nuevos por UNE", "is_scored": true}}, {"model": "core.metricdefinition", "pk": 7, "fields": {"created_at": "2026-04-07T23:27:37.505Z", "updated_at": "2026-04-08T17:54:21.843Z", "code": "VENTA_CRUZADA", "name": "Venta cruzada", "description": "Cumple si la UNE refiere al menos un cliente a otra UNE en el mes", "is_scored": true}}, {"model": "core.metricdefinition", "pk": 8, "fields": {"created_at": "2026-04-07T23:27:37.506Z", "updated_at": "2026-04-08T17:54:21.844Z", "code": "RESPUESTA_REQS", "name": "Respuesta a requerimientos", "description": "Cumplimiento manual mensual por UNE; en inversiones no aplica puntos", "is_scored": true}}, {"model": "core.systemsetting", "pk": 1, "fields": {"created_at": "2026-04-07T21:52:24.623Z", "updated_at": "2026-04-07T21:52:24.623Z", "key": "feedback_enabled", "value_text": "", "value_bool": true, "value_json": null, "description": "Controla si el botĂłn de feedback estĂˇ activo", "updated_by": null}}, {"model": "accounts.userprofile", "pk": 1, "fields": {"created_at": "2026-04-07T21:55:37.981Z", "updated_at": "2026-04-23T18:56:18.883Z", "user": ["caa"], "display_name": "Armando Amado", "job_title": "", "role_label": "ADMIN", "default_all_une_access": true, "notes": ""}}, {"model": "accounts.userprofile", "pk": 2, "fields": {"created_at": "2026-04-10T23:50:50.723Z", "updated_at": "2026-04-10T23:51:37.514Z", "user": ["prueba1"], "display_name": "", "job_title": "", "role_label": "USUARIO", "default_all_une_access": false, "notes": ""}}, {"model": "accounts.userprofile", "pk": 3, "fields": {"created_at": "2026-04-21T22:26:22.665Z", "updated_at": "2026-04-21T22:26:22.668Z", "user": ["aamado54"], "display_name": "", "job_title": "", "role_label": "USUARIO", "default_all_une_access": false, "notes": ""}}, {"model": "accounts.userunepermission", "pk": 1, "fields": {"created_at": "2026-04-10T23:52:33.926Z", "updated_at": "2026-04-10T23:52:33.926Z", "user": ["prueba1"], "une": 1, "can_view_summary": true, "can_view_detail": false, "granted_by": null, "granted_at": "2026-04-10T23:52:33.926Z"}}, {"model": "imports.fileupload", "pk": 10, "fields": {"created_at": "2026-04-16T21:39:14.287Z", "updated_at": "2026-04-16T21:39:14.287Z", "uploaded_by": ["caa"], "original_filename": "ClientesNuevos_2026-01-2026.csv", "stored_file": "uploads/ClientesNuevos_2026-01-2026.csv", "file_type_detected": "NEW_CLIENTS", "file_format": "CSV", "mime_type": "text/csv", "file_size_bytes": 882, "sha256": "bb5d2d03995e61d0553a97d7b1b1d165ae556b82aabb8e132f811fae83ec3aab", "detected_year": 2026, "detected_month": 1, "status": "PARSED_OK", "error_summary": "", "parsing_notes": ""}}, {"model": "imports.fileupload", "pk": 11, "fields": {"created_at": "2026-04-16T21:39:30.402Z", "updated_at": "2026-04-16T21:39:30.402Z", "uploaded_by": ["caa"], "original_filename": "ClientesNuevos_2026-02-2026.csv", "stored_file": "uploads/ClientesNuevos_2026-02-2026.csv", "file_type_detected": "NEW_CLIENTS", "file_format": "CSV", "mime_type": "text/csv", "file_size_bytes": 404, "sha256": "e15e4c4cff493cf0e4265da5b138d45df12cc62982ffe7e666374824e1cbfc7a", "detected_year": 2026, "detected_month": 2, "status": "PARSED_OK", "error_summary": "", "parsing_notes": ""}}, {"model": "imports.fileupload", "pk": 12, "fields": {"created_at": "2026-04-16T21:39:47.415Z", "updated_at": "2026-04-16T21:39:47.415Z", "uploaded_by": ["caa"], "original_filename": "ClientesNuevos_2026-03_20260402.csv", "stored_file": "uploads/ClientesNuevos_2026-03_20260402.csv", "file_type_detected": "NEW_CLIENTS", "file_format": "CSV", "mime_type": "text/csv", "file_size_bytes": 147, "sha256": "aef09c5553f42904c1f0de2b43eba894c4471727ff1a9d1d82bff9f6235c3e8a", "detected_year": 2026, "detected_month": 3, "status": "PARSED_OK", "error_summary": "", "parsing_notes": ""}}, {"model": "imports.fileupload", "pk": 20, "fields": {"created_at": "2026-04-16T22:35:25.764Z", "updated_at": "2026-04-16T22:35:25.764Z", "uploaded_by": ["caa"], "original_filename": "VentaCruzada_2026_02_2026.csv", "stored_file": "uploads/VentaCruzada_2026_02_2026_XioOBay.csv", "file_type_detected": "CROSS_SALE", "file_format": "CSV", "mime_type": "text/csv", "file_size_bytes": 394, "sha256": "cb771c5c6bced250f8bebe6fd31f7926865b0c86f953894f7c14ad5071112ebb", "detected_year": 2026, "detected_month": 2, "status": "PARSED_OK", "error_summary": "", "parsing_notes": ""}}, {"model": "imports.fileupload", "pk": 21, "fields": {"created_at": "2026-04-16T23:59:31.571Z", "updated_at": "2026-04-16T23:59:31.571Z", "uploaded_by": ["caa"], "original_filename": "VentaCruzada_2026_02_2026.csv", "stored_file": "uploads/VentaCruzada_2026_02_2026_K4tcIJM.csv", "file_type_detected": "CROSS_SALE", "file_format": "CSV", "mime_type": "text/csv", "file_size_bytes": 394, "sha256": "cb771c5c6bced250f8bebe6fd31f7926865b0c86f953894f7c14ad5071112ebb", "detected_year": 2026, "detected_month": 2, "status": "PARSED_OK", "error_summary": "", "parsing_notes": ""}}, {"model": "imports.newclientimportheader", "pk": 4, "fields": {"created_at": "2026-04-16T21:39:14.298Z", "updated_at": "2026-04-16T21:39:19.185Z", "file_upload": 10, "year": 2026, "month": 1}}, {"model": "imports.newclientimportheader", "pk": 5, "fields": {"created_at": "2026-04-16T21:39:30.412Z", "updated_at": "2026-04-16T21:39:38.709Z", "file_upload": 11, "year": 2026, "month": 2}}, {"model": "imports.newclientimportheader", "pk": 6, "fields": {"created_at": "2026-04-16T21:39:47.427Z", "updated_at": "2026-04-16T21:39:50.971Z", "file_upload": 12, "year": 2026, "month": 3}}, {"model": "imports.crosssaleimportheader", "pk": 10, "fields": {"created_at": "2026-04-16T22:35:25.776Z", "updated_at": "2026-04-16T23:59:39.017Z", "file_upload": 21, "year": 2026, "month": 2}}, {"model": "imports.crosssaleimportrow", "pk": 16, "fields": {"created_at": "2026-04-16T22:35:27.511Z", "updated_at": "2026-04-16T22:35:27.511Z", "header": 10, "year": 2026, "month": 2, "client_name": "ELSA MARINA ARIAS VALENZUELA DE LOPEZ", "operation_code": "AP01260201", "date": "2026-02-19", "currency": null, "une_destination": 4, "une_origin": 1, "raw_une_destination": "INVESTMENT - WC FACTORING", "raw_une_origin": "FACTORING"}}, {"model": "imports.crosssaleimportrow", "pk": 17, "fields": {"created_at": "2026-04-16T22:35:27.512Z", "updated_at": "2026-04-16T22:35:27.512Z", "header": 10, "year": 2026, "month": 2, "client_name": "INMOBILIARIA MAUX, S.A.", "operation_code": "PG01260202", "date": "2026-02-20", "currency": null, "une_destination": 4, "une_origin": 1, "raw_une_destination": "INVESTMENT - WC FACTORING", "raw_une_origin": "FACTORING"}}, {"model": "imports.crosssaleimportrow", "pk": 18, "fields": {"created_at": "2026-04-16T22:35:27.512Z", "updated_at": "2026-04-16T22:35:27.512Z", "header": 10, "year": 2026, "month": 2, "client_name": "MARIA ANTONIA MONTSERRAT SANCHEZ BOTRAN", "operation_code": "PG02260203", "date": "2026-02-04", "currency": null, "une_destination": 4, "une_origin": 2, "raw_une_destination": "INVESTMENT - WC LEASING", "raw_une_origin": "LEASING"}}, {"model": "imports.crosssaleimportrow", "pk": 19, "fields": {"created_at": "2026-04-16T23:59:39.001Z", "updated_at": "2026-04-16T23:59:39.001Z", "header": 10, "year": 2026, "month": 2, "client_name": "ELSA MARINA ARIAS VALENZUELA DE LOPEZ", "operation_code": "AP01260201", "date": "2026-02-19", "currency": null, "une_destination": 4, "une_origin": 1, "raw_une_destination": "INVESTMENT - WC FACTORING", "raw_une_origin": "FACTORING"}}, {"model": "imports.crosssaleimportrow", "pk": 20, "fields": {"created_at": "2026-04-16T23:59:39.002Z", "updated_at": "2026-04-16T23:59:39.002Z", "header": 10, "year": 2026, "month": 2, "client_name": "INMOBILIARIA MAUX, S.A.", "operation_code": "PG01260202", "date": "2026-02-20", "currency": null, "une_destination": 4, "une_origin": 1, "raw_une_destination": "INVESTMENT - WC FACTORING", "raw_une_origin": "FACTORING"}}, {"model": "imports.crosssaleimportrow", "pk": 21, "fields": {"created_at": "2026-04-16T23:59:39.002Z", "updated_at": "2026-04-16T23:59:39.002Z", "header": 10, "year": 2026, "month": 2, "client_name": "MARIA ANTONIA MONTSERRAT SANCHEZ BOTRAN", "operation_code": "PG02260203", "date": "2026-02-04", "currency": null, "une_destination": 4, "une_origin": 2, "raw_une_destination": "INVESTMENT - WC LEASING", "raw_une_origin": "LEASING"}}, {"model": "imports.newclientimportrow", "pk": 16, "fields": {"created_at": "2026-04-16T21:39:19.170Z", "updated_at": "2026-04-16T21:39:19.170Z", "header": 4, "une": 2, "year": 2026, "month": 1, "client_name": "EDGAR ESTUARDO ORTIZ FUENTES", "nit": "5833655", "operation_code": "PG02260103", "previous_contracts": 0, "counts_as_new": true, "currency": 1, "amount": "500000.00", "source_row_number": null, "raw_une_value": "INVESTMENT - WC LEASING", "observations": ""}}, {"model": "imports.newclientimportrow", "pk": 17, "fields": {"created_at": "2026-04-16T21:39:19.170Z", "updated_at": "2026-04-16T21:39:19.170Z", "header": 4, "une": 4, "year": 2026, "month": 1, "client_name": "NATALIA VELASQUEZ MONTOYA", "nit": "95231218", "operation_code": "AP03260101", "previous_contracts": 0, "counts_as_new": true, "currency": 2, "amount": "900000.00", "source_row_number": null, "raw_une_value": "INVESTMENT - WORKING CAPITAL HOLDING GROUP INC.", "observations": ""}}, {"model": "imports.newclientimportrow", "pk": 18, "fields": {"created_at": "2026-04-16T21:39:19.171Z", "updated_at": "2026-04-16T21:39:19.171Z", "header": 4, "une": 4, "year": 2026, "month": 1, "client_name": "FERNANDO LOPEZ PINEDA", "nit": "95231153", "operation_code": "AP03260102", "previous_contracts": 0, "counts_as_new": true, "currency": 2, "amount": "300000.00", "source_row_number": null, "raw_une_value": "INVESTMENT - WORKING CAPITAL HOLDING GROUP INC.", "observations": ""}}, {"model": "imports.newclientimportrow", "pk": 19, "fields": {"created_at": "2026-04-16T21:39:38.691Z", "updated_at": "2026-04-16T21:39:38.691Z", "header": 5, "une": 1, "year": 2026, "month": 2, "client_name": "ELSA MARINA ARIAS VALENZUELA DE LOPEZ", "nit": "674486", "operation_code": "AP01260201", "previous_contracts": 0, "counts_as_new": true, "currency": 1, "amount": "1900000.00", "source_row_number": null, "raw_une_value": "INVESTMENT - WC FACTORING", "observations": ""}}, {"model": "imports.newclientimportrow", "pk": 20, "fields": {"created_at": "2026-04-16T21:39:38.692Z", "updated_at": "2026-04-16T21:39:38.692Z", "header": 5, "une": 2, "year": 2026, "month": 2, "client_name": "MARIA ANTONIA MONTSERRAT SANCHEZ BOTRAN", "nit": "1288490", "operation_code": "PG02260203", "previous_contracts": 0, "counts_as_new": true, "currency": 2, "amount": "30000.00", "source_row_number": null, "raw_une_value": "INVESTMENT - WC LEASING", "observations": ""}}, {"model": "pgc.monthlyexchangerate", "pk": 1, "fields": {"year": 2026, "month": 1, "usd_to_gtq": "7.66614"}}, {"model": "pgc.monthlyexchangerate", "pk": 2, "fields": {"year": 2026, "month": 2, "usd_to_gtq": "7.66476"}}, {"model": "pgc.monthlyexchangerate", "pk": 3, "fields": {"year": 2026, "month": 3, "usd_to_gtq": "7.64677"}}, {"model": "pgc.pgcplan", "pk": 1, "fields": {"created_at": "2026-04-07T23:27:37.507Z", "updated_at": "2026-04-08T17:54:21.845Z", "year": 2026, "name": "PGC 2026", "is_active": true, "notes": "Plan anual PGC 2026 cargado desde especificaciĂłn inicial"}}, {"model": "pgc.monthlytarget", "pk": 49, "fields": {"created_at": "2026-04-07T23:27:37.546Z", "updated_at": "2026-04-08T17:54:21.881Z", "plan": 1, "une": 2, "metric": 5, "year": 2026, "month": 1, "target_value": "96.00", "points_if_achieved": 70, "reference_annual_value": "1200.00", "notes": ""}}, {"model": "pgc.monthlytarget", "pk": 50, "fields": {"created_at": "2026-04-07T23:27:37.547Z", "updated_at": "2026-04-08T17:54:21.882Z", "plan": 1, "une": 2, "metric": 5, "year": 2026, "month": 2, "target_value": "84.00", "points_if_achieved": 70, "reference_annual_value": "1200.00", "notes": ""}}, {"model": "pgc.monthlytarget", "pk": 51, "fields": {"created_at": "2026-04-07T23:27:37.547Z", "updated_at": "2026-04-08T17:54:21.883Z", "plan": 1, "une": 2, "metric": 5, "year": 2026, "month": 3, "target_value": "84.00", "points_if_achieved": 70, "reference_annual_value": "1200.00", "notes": ""}}, {"model": "pgc.monthlytarget", "pk": 52, "fields": {"created_at": "2026-04-07T23:27:37.548Z", "updated_at": "2026-04-08T17:54:21.883Z", "plan": 1, "une": 2, "metric": 5, "year": 2026, "month": 4, "target_value": "84.00", "points_if_achieved": 70, "reference_annual_value": "1200.00", "notes": ""}}, {"model": "pgc.monthlytarget", "pk": 53, "fields": {"created_at": "2026-04-07T23:27:37.549Z", "updated_at": "2026-04-08T17:54:21.884Z", "plan": 1, "une": 2, "metric": 5, "year": 2026, "month": 5, "target_value": "96.00", "points_if_achieved": 70, "reference_annual_value": "1200.00", "notes": ""}}, {"model": "pgc.monthlytarget", "pk": 54, "fields": {"created_at": "2026-04-07T23:27:37.549Z", "updated_at": "2026-04-08T17:54:21.885Z", "plan": 1, "une": 2, "metric": 5, "year": 2026, "month": 6, "target_value": "84.00", "points_if_achieved": 70, "reference_annual_value": "1200.00", "notes": ""}}, {"model": "pgc.monthlytarget", "pk": 55, "fields": {"created_at": "2026-04-07T23:27:37.550Z", "updated_at": "2026-04-08T17:54:21.886Z", "plan": 1, "une": 2, "metric": 5, "year": 2026, "month": 7, "target_value": "108.00", "points_if_achieved": 70, "reference_annual_value": "1200.00", "notes": ""}}, {"model": "pgc.monthlytarget", "pk": 56, "fields": {"created_at": "2026-04-07T23:27:37.551Z", "updated_at": "2026-04-08T17:54:21.886Z", "plan": 1, "une": 2, "metric": 5, "year": 2026, "month": 8, "target_value": "108.00", "points_if_achieved": 70, "reference_annual_value": "1200.00", "notes": ""}}, {"model": "pgc.monthlytarget", "pk": 57, "fields": {"created_at": "2026-04-07T23:27:37.552Z", "updated_at": "2026-04-08T17:54:21.887Z", "plan": 1, "une": 2, "metric": 5, "year": 2026, "month": 9, "target_value": "108.00", "points_if_achieved": 70, "reference_annual_value": "1200.00", "notes": ""}}, {"model": "pgc.monthlytarget", "pk": 58, "fields": {"created_at": "2026-04-07T23:27:37.552Z", "updated_at": "2026-04-08T17:54:21.888Z", "plan": 1, "une": 2, "metric": 5, "year": 2026, "month": 10, "target_value": "120.00", "points_if_achieved": 70, "reference_annual_value": "1200.00", "notes": ""}}, {"model": "pgc.monthlytarget", "pk": 59, "fields": {"created_at": "2026-04-07T23:27:37.553Z", "updated_at": "2026-04-08T17:54:21.888Z", "plan": 1, "une": 2, "metric": 5, "year": 2026, "month": 11, "target_value": "108.00", "points_if_achieved": 70, "reference_annual_value": "1200.00", "notes": ""}}, {"model": "pgc.monthlytarget", "pk": 60, "fields": {"created_at": "2026-04-07T23:27:37.554Z", "updated_at": "2026-04-08T17:54:21.889Z", "plan": 1, "une": 2, "metric": 5, "year": 2026, "month": 12, "target_value": "120.00", "points_if_achieved": 70, "reference_annual_value": "1200.00", "notes": ""}}, {"model": "pgc.monthlytarget", "pk": 61, "fields": {"created_at": "2026-04-07T23:27:37.555Z", "updated_at": "2026-04-08T17:54:21.890Z", "plan": 1, "une": 2, "metric": 6, "year": 2026, "month": 1, "target_value": "0.00", "points_if_achieved": 15, "reference_annual_value": "15.00", "notes": ""}}, {"model": "pgc.monthlytarget", "pk": 62, "fields": {"created_at": "2026-04-07T23:27:37.555Z", "updated_at": "2026-04-08T17:54:21.891Z", "plan": 1, "une": 2, "metric": 6, "year": 2026, "month": 2, "target_value": "2.00", "points_if_achieved": 15, "reference_annual_value": "15.00", "notes": ""}}, {"model": "pgc.monthlytarget", "pk": 63, "fields": {"created_at": "2026-04-07T23:27:37.556Z", "updated_at": "2026-04-08T17:54:21.891Z", "plan": 1, "une": 2, "metric": 6, "year": 2026, "month": 3, "target_value": "1.00", "points_if_achieved": 15, "reference_annual_value": "15.00", "notes": ""}}, {"model": "pgc.monthlytarget", "pk": 64, "fields": {"created_at": "2026-04-07T23:27:37.557Z", "updated_at": "2026-04-08T17:54:21.892Z", "plan": 1, "une": 2, "metric": 6, "year": 2026, "month": 4, "target_value": "2.00", "points_if_achieved": 15, "reference_annual_value": "15.00", "notes": ""}}, {"model": "pgc.monthlytarget", "pk": 65, "fields": {"created_at": "2026-04-07T23:27:37.557Z", "updated_at": "2026-04-08T17:54:21.893Z", "plan": 1, "une": 2, "metric": 6, "year": 2026, "month": 5, "target_value": "1.00", "points_if_achieved": 15, "reference_annual_value": "15.00", "notes": ""}}, {"model": "pgc.monthlytarget", "pk": 66, "fields": {"created_at": "2026-04-07T23:27:37.558Z", "updated_at": "2026-04-08T17:54:21.893Z", "plan": 1, "une": 2, "metric": 6, "year": 2026, "month": 6, "target_value": "2.00", "points_if_achieved": 15, "reference_annual_value": "15.00", "notes": ""}}, {"model": "pgc.monthlytarget", "pk": 67, "fields": {"created_at": "2026-04-07T23:27:37.559Z", "updated_at": "2026-04-08T17:54:21.894Z", "plan": 1, "une": 2, "metric": 6, "year": 2026, "month": 7, "target_value": "1.00", "points_if_achieved": 15, "reference_annual_value": "15.00", "notes": ""}}, {"model": "pgc.monthlytarget", "pk": 68, "fields": {"created_at": "2026-04-07T23:27:37.560Z", "updated_at": "2026-04-08T17:54:21.895Z", "plan": 1, "une": 2, "metric": 6, "year": 2026, "month": 8, "target_value": "1.00", "points_if_achieved": 15, "reference_annual_value": "15.00", "notes": ""}}, {"model": "pgc.monthlytarget", "pk": 69, "fields": {"created_at": "2026-04-07T23:27:37.560Z", "updated_at": "2026-04-08T17:54:21.896Z", "plan": 1, "une": 2, "metric": 6, "year": 2026, "month": 9, "target_value": "1.00", "points_if_achieved": 15, "reference_annual_value": "15.00", "notes": ""}}, {"model": "pgc.monthlytarget", "pk": 70, "fields": {"created_at": "2026-04-07T23:27:37.561Z", "updated_at": "2026-04-08T17:54:21.896Z", "plan": 1, "une": 2, "metric": 6, "year": 2026, "month": 10, "target_value": "1.00", "points_if_achieved": 15, "reference_annual_value": "15.00", "notes": ""}}, {"model": "pgc.monthlytarget", "pk": 71, "fields": {"created_at": "2026-04-07T23:27:37.562Z", "updated_at": "2026-04-08T17:54:21.897Z", "plan": 1, "une": 2, "metric": 6, "year": 2026, "month": 11, "target_value": "1.00", "points_if_achieved": 15, "reference_annual_value": "15.00", "notes": ""}}, {"model": "pgc.monthlytarget", "pk": 72, "fields": {"created_at": "2026-04-07T23:27:37.562Z", "updated_at": "2026-04-08T17:54:21.898Z", "plan": 1, "une": 2, "metric": 6, "year": 2026, "month": 12, "target_value": "2.00", "points_if_achieved": 15, "reference_annual_value": "15.00", "notes": ""}}, {"model": "pgc.monthlytarget", "pk": 73, "fields": {"created_at": "2026-04-07T23:27:37.563Z", "updated_at": "2026-04-08T17:54:21.899Z", "plan": 1, "une": 2, "metric": 7, "year": 2026, "month": 1, "target_value": "1.00", "points_if_achieved": 10, "reference_annual_value": null, "notes": "Cumple con al menos 1 referencia enviada a cualquier otra UNE en el mes."}}, {"model": "pgc.monthlytarget", "pk": 74, "fields": {"created_at": "2026-04-07T23:27:37.564Z", "updated_at": "2026-04-08T17:54:21.899Z", "plan": 1, "une": 2, "metric": 7, "year": 2026, "month": 2, "target_value": "1.00", "points_if_achieved": 10, "reference_annual_value": null, "notes": "Cumple con al menos 1 referencia enviada a cualquier otra UNE en el mes."}}, {"model": "pgc.monthlytarget", "pk": 75, "fields": {"created_at": "2026-04-07T23:27:37.565Z", "updated_at": "2026-04-08T17:54:21.900Z", "plan": 1, "une": 2, "metric": 7, "year": 2026, "month": 3, "target_value": "1.00", "points_if_achieved": 10, "reference_annual_value": null, "notes": "Cumple con al menos 1 referencia enviada a cualquier otra UNE en el mes."}}, {"model": "pgc.monthlytarget", "pk": 76, "fields": {"created_at": "2026-04-07T23:27:37.565Z", "updated_at": "2026-04-08T17:54:21.901Z", "plan": 1, "une": 2, "metric": 7, "year": 2026, "month": 4, "target_value": "1.00", "points_if_achieved": 10, "reference_annual_value": null, "notes": "Cumple con al menos 1 referencia enviada a cualquier otra UNE en el mes."}}, {"model": "pgc.monthlytarget", "pk": 77, "fields": {"created_at": "2026-04-07T23:27:37.566Z", "updated_at": "2026-04-08T17:54:21.901Z", "plan": 1, "une": 2, "metric": 7, "year": 2026, "month": 5, "target_value": "1.00", "points_if_achieved": 10, "reference_annual_value": null, "notes": "Cumple con al menos 1 referencia enviada a cualquier otra UNE en el mes."}}, {"model": "pgc.monthlytarget", "pk": 78, "fields": {"created_at": "2026-04-07T23:27:37.567Z", "updated_at": "2026-04-08T17:54:21.902Z", "plan": 1, "une": 2, "metric": 7, "year": 2026, "month": 6, "target_value": "1.00", "points_if_achieved": 10, "reference_annual_value": null, "notes": "Cumple con al menos 1 referencia enviada a cualquier otra UNE en el mes."}}, {"model": "pgc.monthlytarget", "pk": 79, "fields": {"created_at": "2026-04-07T23:27:37.567Z", "updated_at": "2026-04-08T17:54:21.903Z", "plan": 1, "une": 2, "metric": 7, "year": 2026, "month": 7, "target_value": "1.00", "points_if_achieved": 10, "reference_annual_value": null, "notes": "Cumple con al menos 1 referencia enviada a cualquier otra UNE en el mes."}}, {"model": "pgc.monthlytarget", "pk": 80, "fields": {"created_at": "2026-04-07T23:27:37.568Z", "updated_at": "2026-04-08T17:54:21.903Z", "plan": 1, "une": 2, "metric": 7, "year": 2026, "month": 8, "target_value": "1.00", "points_if_achieved": 10, "reference_annual_value": null, "notes": "Cumple con al menos 1 referencia enviada a cualquier otra UNE en el mes."}}, {"model": "pgc.monthlytarget", "pk": 81, "fields": {"created_at": "2026-04-07T23:27:37.569Z", "updated_at": "2026-04-08T17:54:21.904Z", "plan": 1, "une": 2, "metric": 7, "year": 2026, "month": 9, "target_value": "1.00", "points_if_achieved": 10, "reference_annual_value": null, "notes": "Cumple con al menos 1 referencia enviada a cualquier otra UNE en el mes."}}, {"model": "pgc.monthlytarget", "pk": 82, "fields": {"created_at": "2026-04-07T23:27:37.570Z", "updated_at": "2026-04-08T17:54:21.905Z", "plan": 1, "une": 2, "metric": 7, "year": 2026, "month": 10, "target_value": "1.00", "points_if_achieved": 10, "reference_annual_value": null, "notes": "Cumple con al menos 1 referencia enviada a cualquier otra UNE en el mes."}}, {"model": "pgc.monthlytarget", "pk": 83, "fields": {"created_at": "2026-04-07T23:27:37.570Z", "updated_at": "2026-04-08T17:54:21.906Z", "plan": 1, "une": 2, "metric": 7, "year": 2026, "month": 11, "target_value": "1.00", "points_if_achieved": 10, "reference_annual_value": null, "notes": "Cumple con al menos 1 referencia enviada a cualquier otra UNE en el mes."}}, {"model": "pgc.monthlytarget", "pk": 84, "fields": {"created_at": "2026-04-07T23:27:37.571Z", "updated_at": "2026-04-08T17:54:21.906Z", "plan": 1, "une": 2, "metric": 7, "year": 2026, "month": 12, "target_value": "1.00", "points_if_achieved": 10, "reference_annual_value": null, "notes": "Cumple con al menos 1 referencia enviada a cualquier otra UNE en el mes."}}, {"model": "pgc.monthlytarget", "pk": 85, "fields": {"created_at": "2026-04-07T23:27:37.572Z", "updated_at": "2026-04-08T17:54:21.907Z", "plan": 1, "une": 2, "metric": 8, "year": 2026, "month": 1, "target_value": "1.00", "points_if_achieved": 5, "reference_annual_value": null, "notes": "Cumplimiento manual mensual; si incumple, registrar incidencia."}}, {"model": "pgc.monthlytarget", "pk": 86, "fields": {"created_at": "2026-04-07T23:27:37.572Z", "updated_at": "2026-04-08T17:54:21.908Z", "plan": 1, "une": 2, "metric": 8, "year": 2026, "month": 2, "target_value": "1.00", "points_if_achieved": 5, "reference_annual_value": null, "notes": "Cumplimiento manual mensual; si incumple, registrar incidencia."}}, {"model": "pgc.monthlytarget", "pk": 87, "fields": {"created_at": "2026-04-07T23:27:37.574Z", "updated_at": "2026-04-08T17:54:21.908Z", "plan": 1, "une": 2, "metric": 8, "year": 2026, "month": 3, "target_value": "1.00", "points_if_achieved": 5, "reference_annual_value": null, "notes": "Cumplimiento manual mensual; si incumple, registrar incidencia."}}, {"model": "pgc.monthlytarget", "pk": 88, "fields": {"created_at": "2026-04-07T23:27:37.574Z", "updated_at": "2026-04-08T17:54:21.909Z", "plan": 1, "une": 2, "metric": 8, "year": 2026, "month": 4, "target_value": "1.00", "points_if_achieved": 5, "reference_annual_value": null, "notes": "Cumplimiento manual mensual; si incumple, registrar incidencia."}}, {"model": "pgc.monthlytarget", "pk": 89, "fields": {"created_at": "2026-04-07T23:27:37.575Z", "updated_at": "2026-04-08T17:54:21.910Z", "plan": 1, "une": 2, "metric": 8, "year": 2026, "month": 5, "target_value": "1.00", "points_if_achieved": 5, "reference_annual_value": null, "notes": "Cumplimiento manual mensual; si incumple, registrar incidencia."}}, {"model": "pgc.monthlytarget", "pk": 90, "fields": {"created_at": "2026-04-07T23:27:37.576Z", "updated_at": "2026-04-08T17:54:21.911Z", "plan": 1, "une": 2, "metric": 8, "year": 2026, "month": 6, "target_value": "1.00", "points_if_achieved": 5, "reference_annual_value": null, "notes": "Cumplimiento manual mensual; si incumple, registrar incidencia."}}, {"model": "pgc.monthlytarget", "pk": 91, "fields": {"created_at": "2026-04-07T23:27:37.577Z", "updated_at": "2026-04-08T17:54:21.911Z", "plan": 1, "une": 2, "metric": 8, "year": 2026, "month": 7, "target_value": "1.00", "points_if_achieved": 5, "reference_annual_value": null, "notes": "Cumplimiento manual mensual; si incumple, registrar incidencia."}}, {"model": "pgc.monthlytarget", "pk": 92, "fields": {"created_at": "2026-04-07T23:27:37.577Z", "updated_at": "2026-04-08T17:54:21.912Z", "plan": 1, "une": 2, "metric": 8, "year": 2026, "month": 8, "target_value": "1.00", "points_if_achieved": 5, "reference_annual_value": null, "notes": "Cumplimiento manual mensual; si incumple, registrar incidencia."}}, {"model": "pgc.monthlytarget", "pk": 93, "fields": {"created_at": "2026-04-07T23:27:37.578Z", "updated_at": "2026-04-08T17:54:21.913Z", "plan": 1, "une": 2, "metric": 8, "year": 2026, "month": 9, "target_value": "1.00", "points_if_achieved": 5, "reference_annual_value": null, "notes": "Cumplimiento manual mensual; si incumple, registrar incidencia."}}, {"model": "pgc.monthlytarget", "pk": 94, "fields": {"created_at": "2026-04-07T23:27:37.579Z", "updated_at": "2026-04-08T17:54:21.914Z", "plan": 1, "une": 2, "metric": 8, "year": 2026, "month": 10, "target_value": "1.00", "points_if_achieved": 5, "reference_annual_value": null, "notes": "Cumplimiento manual mensual; si incumple, registrar incidencia."}}, {"model": "pgc.monthlytarget", "pk": 95, "fields": {"created_at": "2026-04-07T23:27:37.579Z", "updated_at": "2026-04-08T17:54:21.914Z", "plan": 1, "une": 2, "metric": 8, "year": 2026, "month": 11, "target_value": "1.00", "points_if_achieved": 5, "reference_annual_value": null, "notes": "Cumplimiento manual mensual; si incumple, registrar incidencia."}}, {"model": "pgc.monthlytarget", "pk": 96, "fields": {"created_at": "2026-04-07T23:27:37.580Z", "updated_at": "2026-04-08T17:54:21.915Z", "plan": 1, "une": 2, "metric": 8, "year": 2026, "month": 12, "target_value": "1.00", "points_if_achieved": 5, "reference_annual_value": null, "notes": "Cumplimiento manual mensual; si incumple, registrar incidencia."}}, {"model": "pgc.monthlytarget", "pk": 97, "fields": {"created_at": "2026-04-07T23:27:37.581Z", "updated_at": "2026-04-08T17:54:21.916Z", "plan": 1, "une": 3, "metric": 5, "year": 2026, "month": 1, "target_value": "6.75", "points_if_achieved": 70, "reference_annual_value": "119.00", "notes": ""}}, {"model": "pgc.monthlytarget", "pk": 98, "fields": {"created_at": "2026-04-07T23:27:37.581Z", "updated_at": "2026-04-08T17:54:21.916Z", "plan": 1, "une": 3, "metric": 5, "year": 2026, "month": 2, "target_value": "5.76", "points_if_achieved": 70, "reference_annual_value": "119.00", "notes": ""}}, {"model": "pgc.monthlytarget", "pk": 99, "fields": {"created_at": "2026-04-07T23:27:37.582Z", "updated_at": "2026-04-08T17:54:21.917Z", "plan": 1, "une": 3, "metric": 5, "year": 2026, "month": 3, "target_value": "5.90", "points_if_achieved": 70, "reference_annual_value": "119.00", "notes": ""}}, {"model": "pgc.monthlytarget", "pk": 100, "fields": {"created_at": "2026-04-07T23:27:37.583Z", "updated_at": "2026-04-08T17:54:21.918Z", "plan": 1, "une": 3, "metric": 5, "year": 2026, "month": 4, "target_value": "6.05", "points_if_achieved": 70, "reference_annual_value": "119.00", "notes": ""}}, {"model": "pgc.monthlytarget", "pk": 101, "fields": {"created_at": "2026-04-07T23:27:37.584Z", "updated_at": "2026-04-08T17:54:21.919Z", "plan": 1, "une": 3, "metric": 5, "year": 2026, "month": 5, "target_value": "7.62", "points_if_achieved": 70, "reference_annual_value": "119.00", "notes": ""}}, {"model": "pgc.monthlytarget", "pk": 102, "fields": {"created_at": "2026-04-07T23:27:37.584Z", "updated_at": "2026-04-08T17:54:21.919Z", "plan": 1, "une": 3, "metric": 5, "year": 2026, "month": 6, "target_value": "7.57", "points_if_achieved": 70, "reference_annual_value": "119.00", "notes": ""}}, {"model": "pgc.monthlytarget", "pk": 103, "fields": {"created_at": "2026-04-07T23:27:37.585Z", "updated_at": "2026-04-08T17:54:21.920Z", "plan": 1, "une": 3, "metric": 5, "year": 2026, "month": 7, "target_value": "9.76", "points_if_achieved": 70, "reference_annual_value": "119.00", "notes": ""}}, {"model": "pgc.monthlytarget", "pk": 104, "fields": {"created_at": "2026-04-07T23:27:37.586Z", "updated_at": "2026-04-08T17:54:21.921Z", "plan": 1, "une": 3, "metric": 5, "year": 2026, "month": 8, "target_value": "10.33", "points_if_achieved": 70, "reference_annual_value": "119.00", "notes": ""}}, {"model": "pgc.monthlytarget", "pk": 105, "fields": {"created_at": "2026-04-07T23:27:37.586Z", "updated_at": "2026-04-08T17:54:21.922Z", "plan": 1, "une": 3, "metric": 5, "year": 2026, "month": 9, "target_value": "11.85", "points_if_achieved": 70, "reference_annual_value": "119.00", "notes": ""}}, {"model": "pgc.monthlytarget", "pk": 106, "fields": {"created_at": "2026-04-07T23:27:37.587Z", "updated_at": "2026-04-08T17:54:21.922Z", "plan": 1, "une": 3, "metric": 5, "year": 2026, "month": 10, "target_value": "17.18", "points_if_achieved": 70, "reference_annual_value": "119.00", "notes": ""}}, {"model": "pgc.monthlytarget", "pk": 107, "fields": {"created_at": "2026-04-07T23:27:37.588Z", "updated_at": "2026-04-08T17:54:21.923Z", "plan": 1, "une": 3, "metric": 5, "year": 2026, "month": 11, "target_value": "16.37", "points_if_achieved": 70, "reference_annual_value": "119.00", "notes": ""}}, {"model": "pgc.monthlytarget", "pk": 108, "fields": {"created_at": "2026-04-07T23:27:37.589Z", "updated_at": "2026-04-08T17:54:21.924Z", "plan": 1, "une": 3, "metric": 5, "year": 2026, "month": 12, "target_value": "13.76", "points_if_achieved": 70, "reference_annual_value": "119.00", "notes": ""}}, {"model": "pgc.monthlytarget", "pk": 109, "fields": {"created_at": "2026-04-07T23:27:37.589Z", "updated_at": "2026-04-08T17:54:21.924Z", "plan": 1, "une": 3, "metric": 6, "year": 2026, "month": 1, "target_value": "1.00", "points_if_achieved": 15, "reference_annual_value": "44.00", "notes": ""}}, {"model": "pgc.monthlytarget", "pk": 110, "fields": {"created_at": "2026-04-07T23:27:37.590Z", "updated_at": "2026-04-08T17:54:21.925Z", "plan": 1, "une": 3, "metric": 6, "year": 2026, "month": 2, "target_value": "2.00", "points_if_achieved": 15, "reference_annual_value": "44.00", "notes": ""}}, {"model": "pgc.monthlytarget", "pk": 111, "fields": {"created_at": "2026-04-07T23:27:37.591Z", "updated_at": "2026-04-08T17:54:21.926Z", "plan": 1, "une": 3, "metric": 6, "year": 2026, "month": 3, "target_value": "3.00", "points_if_achieved": 15, "reference_annual_value": "44.00", "notes": ""}}, {"model": "pgc.monthlytarget", "pk": 112, "fields": {"created_at": "2026-04-07T23:27:37.591Z", "updated_at": "2026-04-08T17:54:21.926Z", "plan": 1, "une": 3, "metric": 6, "year": 2026, "month": 4, "target_value": "5.00", "points_if_achieved": 15, "reference_annual_value": "44.00", "notes": ""}}, {"model": "pgc.monthlytarget", "pk": 113, "fields": {"created_at": "2026-04-07T23:27:37.592Z", "updated_at": "2026-04-08T17:54:21.927Z", "plan": 1, "une": 3, "metric": 6, "year": 2026, "month": 5, "target_value": "3.00", "points_if_achieved": 15, "reference_annual_value": "44.00", "notes": ""}}, {"model": "pgc.monthlytarget", "pk": 114, "fields": {"created_at": "2026-04-07T23:27:37.593Z", "updated_at": "2026-04-08T17:54:21.928Z", "plan": 1, "une": 3, "metric": 6, "year": 2026, "month": 6, "target_value": "4.00", "points_if_achieved": 15, "reference_annual_value": "44.00", "notes": ""}}, {"model": "pgc.monthlytarget", "pk": 115, "fields": {"created_at": "2026-04-07T23:27:37.593Z", "updated_at": "2026-04-08T17:54:21.929Z", "plan": 1, "une": 3, "metric": 6, "year": 2026, "month": 7, "target_value": "6.00", "points_if_achieved": 15, "reference_annual_value": "44.00", "notes": ""}}, {"model": "pgc.monthlytarget", "pk": 116, "fields": {"created_at": "2026-04-07T23:27:37.594Z", "updated_at": "2026-04-08T17:54:21.929Z", "plan": 1, "une": 3, "metric": 6, "year": 2026, "month": 8, "target_value": "3.00", "points_if_achieved": 15, "reference_annual_value": "44.00", "notes": ""}}, {"model": "pgc.monthlytarget", "pk": 117, "fields": {"created_at": "2026-04-07T23:27:37.595Z", "updated_at": "2026-04-08T17:54:21.930Z", "plan": 1, "une": 3, "metric": 6, "year": 2026, "month": 9, "target_value": "4.00", "points_if_achieved": 15, "reference_annual_value": "44.00", "notes": ""}}, {"model": "pgc.monthlytarget", "pk": 118, "fields": {"created_at": "2026-04-07T23:27:37.596Z", "updated_at": "2026-04-08T17:54:21.931Z", "plan": 1, "une": 3, "metric": 6, "year": 2026, "month": 10, "target_value": "6.00", "points_if_achieved": 15, "reference_annual_value": "44.00", "notes": ""}}, {"model": "pgc.monthlytarget", "pk": 119, "fields": {"created_at": "2026-04-07T23:27:37.596Z", "updated_at": "2026-04-08T17:54:21.931Z", "plan": 1, "une": 3, "metric": 6, "year": 2026, "month": 11, "target_value": "3.00", "points_if_achieved": 15, "reference_annual_value": "44.00", "notes": ""}}, {"model": "pgc.monthlytarget", "pk": 120, "fields": {"created_at": "2026-04-07T23:27:37.597Z", "updated_at": "2026-04-08T17:54:21.932Z", "plan": 1, "une": 3, "metric": 6, "year": 2026, "month": 12, "target_value": "4.00", "points_if_achieved": 15, "reference_annual_value": "44.00", "notes": ""}}, {"model": "pgc.monthlytarget", "pk": 121, "fields": {"created_at": "2026-04-07T23:27:37.598Z", "updated_at": "2026-04-08T17:54:21.933Z", "plan": 1, "une": 3, "metric": 7, "year": 2026, "month": 1, "target_value": "1.00", "points_if_achieved": 10, "reference_annual_value": null, "notes": "Cumple con al menos 1 referencia enviada a cualquier otra UNE en el mes."}}, {"model": "pgc.monthlytarget", "pk": 122, "fields": {"created_at": "2026-04-07T23:27:37.598Z", "updated_at": "2026-04-08T17:54:21.933Z", "plan": 1, "une": 3, "metric": 7, "year": 2026, "month": 2, "target_value": "1.00", "points_if_achieved": 10, "reference_annual_value": null, "notes": "Cumple con al menos 1 referencia enviada a cualquier otra UNE en el mes."}}, {"model": "pgc.monthlytarget", "pk": 123, "fields": {"created_at": "2026-04-07T23:27:37.599Z", "updated_at": "2026-04-08T17:54:21.934Z", "plan": 1, "une": 3, "metric": 7, "year": 2026, "month": 3, "target_value": "1.00", "points_if_achieved": 10, "reference_annual_value": null, "notes": "Cumple con al menos 1 referencia enviada a cualquier otra UNE en el mes."}}, {"model": "pgc.monthlytarget", "pk": 124, "fields": {"created_at": "2026-04-07T23:27:37.600Z", "updated_at": "2026-04-08T17:54:21.935Z", "plan": 1, "une": 3, "metric": 7, "year": 2026, "month": 4, "target_value": "1.00", "points_if_achieved": 10, "reference_annual_value": null, "notes": "Cumple con al menos 1 referencia enviada a cualquier otra UNE en el mes."}}, {"model": "pgc.monthlytarget", "pk": 125, "fields": {"created_at": "2026-04-07T23:27:37.601Z", "updated_at": "2026-04-08T17:54:21.936Z", "plan": 1, "une": 3, "metric": 7, "year": 2026, "month": 5, "target_value": "1.00", "points_if_achieved": 10, "reference_annual_value": null, "notes": "Cumple con al menos 1 referencia enviada a cualquier otra UNE en el mes."}}, {"model": "pgc.monthlytarget", "pk": 126, "fields": {"created_at": "2026-04-07T23:27:37.601Z", "updated_at": "2026-04-08T17:54:21.936Z", "plan": 1, "une": 3, "metric": 7, "year": 2026, "month": 6, "target_value": "1.00", "points_if_achieved": 10, "reference_annual_value": null, "notes": "Cumple con al menos 1 referencia enviada a cualquier otra UNE en el mes."}}, {"model": "pgc.monthlytarget", "pk": 127, "fields": {"created_at": "2026-04-07T23:27:37.602Z", "updated_at": "2026-04-08T17:54:21.937Z", "plan": 1, "une": 3, "metric": 7, "year": 2026, "month": 7, "target_value": "1.00", "points_if_achieved": 10, "reference_annual_value": null, "notes": "Cumple con al menos 1 referencia enviada a cualquier otra UNE en el mes."}}, {"model": "pgc.monthlytarget", "pk": 128, "fields": {"created_at": "2026-04-07T23:27:37.603Z", "updated_at": "2026-04-08T17:54:21.938Z", "plan": 1, "une": 3, "metric": 7, "year": 2026, "month": 8, "target_value": "1.00", "points_if_achieved": 10, "reference_annual_value": null, "notes": "Cumple con al menos 1 referencia enviada a cualquier otra UNE en el mes."}}, {"model": "pgc.monthlytarget", "pk": 129, "fields": {"created_at": "2026-04-07T23:27:37.603Z", "updated_at": "2026-04-08T17:54:21.938Z", "plan": 1, "une": 3, "metric": 7, "year": 2026, "month": 9, "target_value": "1.00", "points_if_achieved": 10, "reference_annual_value": null, "notes": "Cumple con al menos 1 referencia enviada a cualquier otra UNE en el mes."}}, {"model": "pgc.monthlytarget", "pk": 130, "fields": {"created_at": "2026-04-07T23:27:37.604Z", "updated_at": "2026-04-08T17:54:21.939Z", "plan": 1, "une": 3, "metric": 7, "year": 2026, "month": 10, "target_value": "1.00", "points_if_achieved": 10, "reference_annual_value": null, "notes": "Cumple con al menos 1 referencia enviada a cualquier otra UNE en el mes."}}, {"model": "pgc.monthlytarget", "pk": 131, "fields": {"created_at": "2026-04-07T23:27:37.605Z", "updated_at": "2026-04-08T17:54:21.940Z", "plan": 1, "une": 3, "metric": 7, "year": 2026, "month": 11, "target_value": "1.00", "points_if_achieved": 10, "reference_annual_value": null, "notes": "Cumple con al menos 1 referencia enviada a cualquier otra UNE en el mes."}}, {"model": "pgc.monthlytarget", "pk": 132, "fields": {"created_at": "2026-04-07T23:27:37.605Z", "updated_at": "2026-04-08T17:54:21.941Z", "plan": 1, "une": 3, "metric": 7, "year": 2026, "month": 12, "target_value": "1.00", "points_if_achieved": 10, "reference_annual_value": null, "notes": "Cumple con al menos 1 referencia enviada a cualquier otra UNE en el mes."}}, {"model": "pgc.monthlytarget", "pk": 133, "fields": {"created_at": "2026-04-07T23:27:37.606Z", "updated_at": "2026-04-08T17:54:21.941Z", "plan": 1, "une": 3, "metric": 8, "year": 2026, "month": 1, "target_value": "1.00", "points_if_achieved": 5, "reference_annual_value": null, "notes": "Cumplimiento manual mensual; si incumple, registrar incidencia."}}, {"model": "pgc.monthlytarget", "pk": 134, "fields": {"created_at": "2026-04-07T23:27:37.607Z", "updated_at": "2026-04-08T17:54:21.942Z", "plan": 1, "une": 3, "metric": 8, "year": 2026, "month": 2, "target_value": "1.00", "points_if_achieved": 5, "reference_annual_value": null, "notes": "Cumplimiento manual mensual; si incumple, registrar incidencia."}}, {"model": "pgc.monthlytarget", "pk": 135, "fields": {"created_at": "2026-04-07T23:27:37.608Z", "updated_at": "2026-04-08T17:54:21.943Z", "plan": 1, "une": 3, "metric": 8, "year": 2026, "month": 3, "target_value": "1.00", "points_if_achieved": 5, "reference_annual_value": null, "notes": "Cumplimiento manual mensual; si incumple, registrar incidencia."}}, {"model": "pgc.monthlytarget", "pk": 136, "fields": {"created_at": "2026-04-07T23:27:37.608Z", "updated_at": "2026-04-08T17:54:21.944Z", "plan": 1, "une": 3, "metric": 8, "year": 2026, "month": 4, "target_value": "1.00", "points_if_achieved": 5, "reference_annual_value": null, "notes": "Cumplimiento manual mensual; si incumple, registrar incidencia."}}, {"model": "pgc.monthlytarget", "pk": 137, "fields": {"created_at": "2026-04-07T23:27:37.609Z", "updated_at": "2026-04-08T17:54:21.944Z", "plan": 1, "une": 3, "metric": 8, "year": 2026, "month": 5, "target_value": "1.00", "points_if_achieved": 5, "reference_annual_value": null, "notes": "Cumplimiento manual mensual; si incumple, registrar incidencia."}}, {"model": "pgc.monthlytarget", "pk": 138, "fields": {"created_at": "2026-04-07T23:27:37.610Z", "updated_at": "2026-04-08T17:54:21.946Z", "plan": 1, "une": 3, "metric": 8, "year": 2026, "month": 6, "target_value": "1.00", "points_if_achieved": 5, "reference_annual_value": null, "notes": "Cumplimiento manual mensual; si incumple, registrar incidencia."}}, {"model": "pgc.monthlytarget", "pk": 139, "fields": {"created_at": "2026-04-07T23:27:37.610Z", "updated_at": "2026-04-08T17:54:21.946Z", "plan": 1, "une": 3, "metric": 8, "year": 2026, "month": 7, "target_value": "1.00", "points_if_achieved": 5, "reference_annual_value": null, "notes": "Cumplimiento manual mensual; si incumple, registrar incidencia."}}, {"model": "pgc.monthlytarget", "pk": 140, "fields": {"created_at": "2026-04-07T23:27:37.611Z", "updated_at": "2026-04-08T17:54:21.947Z", "plan": 1, "une": 3, "metric": 8, "year": 2026, "month": 8, "target_value": "1.00", "points_if_achieved": 5, "reference_annual_value": null, "notes": "Cumplimiento manual mensual; si incumple, registrar incidencia."}}, {"model": "pgc.monthlytarget", "pk": 141, "fields": {"created_at": "2026-04-07T23:27:37.612Z", "updated_at": "2026-04-08T17:54:21.948Z", "plan": 1, "une": 3, "metric": 8, "year": 2026, "month": 9, "target_value": "1.00", "points_if_achieved": 5, "reference_annual_value": null, "notes": "Cumplimiento manual mensual; si incumple, registrar incidencia."}}, {"model": "pgc.monthlytarget", "pk": 142, "fields": {"created_at": "2026-04-07T23:27:37.613Z", "updated_at": "2026-04-08T17:54:21.948Z", "plan": 1, "une": 3, "metric": 8, "year": 2026, "month": 10, "target_value": "1.00", "points_if_achieved": 5, "reference_annual_value": null, "notes": "Cumplimiento manual mensual; si incumple, registrar incidencia."}}, {"model": "pgc.monthlytarget", "pk": 143, "fields": {"created_at": "2026-04-07T23:27:37.613Z", "updated_at": "2026-04-08T17:54:21.949Z", "plan": 1, "une": 3, "metric": 8, "year": 2026, "month": 11, "target_value": "1.00", "points_if_achieved": 5, "reference_annual_value": null, "notes": "Cumplimiento manual mensual; si incumple, registrar incidencia."}}, {"model": "pgc.monthlytarget", "pk": 144, "fields": {"created_at": "2026-04-07T23:27:37.614Z", "updated_at": "2026-04-08T17:54:21.950Z", "plan": 1, "une": 3, "metric": 8, "year": 2026, "month": 12, "target_value": "1.00", "points_if_achieved": 5, "reference_annual_value": null, "notes": "Cumplimiento manual mensual; si incumple, registrar incidencia."}}, {"model": "pgc.monthlytarget", "pk": 193, "fields": {"created_at": "2026-04-07T23:35:56.900Z", "updated_at": "2026-04-08T17:54:21.846Z", "plan": 1, "une": 1, "metric": 5, "year": 2026, "month": 1, "target_value": "660.00", "points_if_achieved": 70, "reference_annual_value": "11000.00", "notes": ""}}, {"model": "pgc.monthlytarget", "pk": 194, "fields": {"created_at": "2026-04-07T23:35:56.901Z", "updated_at": "2026-04-08T17:54:21.847Z", "plan": 1, "une": 1, "metric": 5, "year": 2026, "month": 2, "target_value": "1100.00", "points_if_achieved": 70, "reference_annual_value": "11000.00", "notes": ""}}, {"model": "pgc.monthlytarget", "pk": 195, "fields": {"created_at": "2026-04-07T23:35:56.902Z", "updated_at": "2026-04-08T17:54:21.848Z", "plan": 1, "une": 1, "metric": 5, "year": 2026, "month": 3, "target_value": "770.00", "points_if_achieved": 70, "reference_annual_value": "11000.00", "notes": ""}}, {"model": "pgc.monthlytarget", "pk": 196, "fields": {"created_at": "2026-04-07T23:35:56.903Z", "updated_at": "2026-04-08T17:54:21.849Z", "plan": 1, "une": 1, "metric": 5, "year": 2026, "month": 4, "target_value": "440.00", "points_if_achieved": 70, "reference_annual_value": "11000.00", "notes": ""}}, {"model": "pgc.monthlytarget", "pk": 197, "fields": {"created_at": "2026-04-07T23:35:56.904Z", "updated_at": "2026-04-08T17:54:21.850Z", "plan": 1, "une": 1, "metric": 5, "year": 2026, "month": 5, "target_value": "770.00", "points_if_achieved": 70, "reference_annual_value": "11000.00", "notes": ""}}, {"model": "pgc.monthlytarget", "pk": 198, "fields": {"created_at": "2026-04-07T23:35:56.905Z", "updated_at": "2026-04-08T17:54:21.850Z", "plan": 1, "une": 1, "metric": 5, "year": 2026, "month": 6, "target_value": "770.00", "points_if_achieved": 70, "reference_annual_value": "11000.00", "notes": ""}}, {"model": "pgc.monthlytarget", "pk": 199, "fields": {"created_at": "2026-04-07T23:35:56.905Z", "updated_at": "2026-04-08T17:54:21.851Z", "plan": 1, "une": 1, "metric": 5, "year": 2026, "month": 7, "target_value": "1650.00", "points_if_achieved": 70, "reference_annual_value": "11000.00", "notes": ""}}, {"model": "pgc.monthlytarget", "pk": 200, "fields": {"created_at": "2026-04-07T23:35:56.906Z", "updated_at": "2026-04-08T17:54:21.852Z", "plan": 1, "une": 1, "metric": 5, "year": 2026, "month": 8, "target_value": "770.00", "points_if_achieved": 70, "reference_annual_value": "11000.00", "notes": ""}}, {"model": "pgc.monthlytarget", "pk": 201, "fields": {"created_at": "2026-04-07T23:35:56.907Z", "updated_at": "2026-04-08T17:54:21.852Z", "plan": 1, "une": 1, "metric": 5, "year": 2026, "month": 9, "target_value": "330.00", "points_if_achieved": 70, "reference_annual_value": "11000.00", "notes": ""}}, {"model": "pgc.monthlytarget", "pk": 202, "fields": {"created_at": "2026-04-07T23:35:56.908Z", "updated_at": "2026-04-08T17:54:21.853Z", "plan": 1, "une": 1, "metric": 5, "year": 2026, "month": 10, "target_value": "440.00", "points_if_achieved": 70, "reference_annual_value": "11000.00", "notes": ""}}, {"model": "pgc.monthlytarget", "pk": 203, "fields": {"created_at": "2026-04-07T23:35:56.909Z", "updated_at": "2026-04-08T17:54:21.854Z", "plan": 1, "une": 1, "metric": 5, "year": 2026, "month": 11, "target_value": "1650.00", "points_if_achieved": 70, "reference_annual_value": "11000.00", "notes": ""}}, {"model": "pgc.monthlytarget", "pk": 204, "fields": {"created_at": "2026-04-07T23:35:56.910Z", "updated_at": "2026-04-08T17:54:21.855Z", "plan": 1, "une": 1, "metric": 5, "year": 2026, "month": 12, "target_value": "1650.00", "points_if_achieved": 70, "reference_annual_value": "11000.00", "notes": ""}}, {"model": "pgc.monthlytarget", "pk": 205, "fields": {"created_at": "2026-04-07T23:35:56.911Z", "updated_at": "2026-04-08T17:54:21.855Z", "plan": 1, "une": 1, "metric": 6, "year": 2026, "month": 1, "target_value": "1.00", "points_if_achieved": 15, "reference_annual_value": "12.00", "notes": ""}}, {"model": "pgc.monthlytarget", "pk": 206, "fields": {"created_at": "2026-04-07T23:35:56.911Z", "updated_at": "2026-04-08T17:54:21.856Z", "plan": 1, "une": 1, "metric": 6, "year": 2026, "month": 2, "target_value": "1.00", "points_if_achieved": 15, "reference_annual_value": "12.00", "notes": ""}}, {"model": "pgc.monthlytarget", "pk": 207, "fields": {"created_at": "2026-04-07T23:35:56.912Z", "updated_at": "2026-04-08T17:54:21.857Z", "plan": 1, "une": 1, "metric": 6, "year": 2026, "month": 3, "target_value": "1.00", "points_if_achieved": 15, "reference_annual_value": "12.00", "notes": ""}}, {"model": "pgc.monthlytarget", "pk": 208, "fields": {"created_at": "2026-04-07T23:35:56.913Z", "updated_at": "2026-04-08T17:54:21.858Z", "plan": 1, "une": 1, "metric": 6, "year": 2026, "month": 4, "target_value": "1.00", "points_if_achieved": 15, "reference_annual_value": "12.00", "notes": ""}}, {"model": "pgc.monthlytarget", "pk": 209, "fields": {"created_at": "2026-04-07T23:35:56.914Z", "updated_at": "2026-04-08T17:54:21.859Z", "plan": 1, "une": 1, "metric": 6, "year": 2026, "month": 5, "target_value": "1.00", "points_if_achieved": 15, "reference_annual_value": "12.00", "notes": ""}}, {"model": "pgc.monthlytarget", "pk": 210, "fields": {"created_at": "2026-04-07T23:35:56.915Z", "updated_at": "2026-04-08T17:54:21.859Z", "plan": 1, "une": 1, "metric": 6, "year": 2026, "month": 6, "target_value": "1.00", "points_if_achieved": 15, "reference_annual_value": "12.00", "notes": ""}}, {"model": "pgc.monthlytarget", "pk": 211, "fields": {"created_at": "2026-04-07T23:35:56.915Z", "updated_at": "2026-04-08T17:54:21.860Z", "plan": 1, "une": 1, "metric": 6, "year": 2026, "month": 7, "target_value": "1.00", "points_if_achieved": 15, "reference_annual_value": "12.00", "notes": ""}}, {"model": "pgc.monthlytarget", "pk": 212, "fields": {"created_at": "2026-04-07T23:35:56.916Z", "updated_at": "2026-04-08T17:54:21.861Z", "plan": 1, "une": 1, "metric": 6, "year": 2026, "month": 8, "target_value": "1.00", "points_if_achieved": 15, "reference_annual_value": "12.00", "notes": ""}}, {"model": "pgc.monthlytarget", "pk": 213, "fields": {"created_at": "2026-04-07T23:35:56.917Z", "updated_at": "2026-04-08T17:54:21.862Z", "plan": 1, "une": 1, "metric": 6, "year": 2026, "month": 9, "target_value": "1.00", "points_if_achieved": 15, "reference_annual_value": "12.00", "notes": ""}}, {"model": "pgc.monthlytarget", "pk": 214, "fields": {"created_at": "2026-04-07T23:35:56.918Z", "updated_at": "2026-04-08T17:54:21.862Z", "plan": 1, "une": 1, "metric": 6, "year": 2026, "month": 10, "target_value": "1.00", "points_if_achieved": 15, "reference_annual_value": "12.00", "notes": ""}}, {"model": "pgc.monthlytarget", "pk": 215, "fields": {"created_at": "2026-04-07T23:35:56.918Z", "updated_at": "2026-04-08T17:54:21.863Z", "plan": 1, "une": 1, "metric": 6, "year": 2026, "month": 11, "target_value": "1.00", "points_if_achieved": 15, "reference_annual_value": "12.00", "notes": ""}}, {"model": "pgc.monthlytarget", "pk": 216, "fields": {"created_at": "2026-04-07T23:35:56.919Z", "updated_at": "2026-04-08T17:54:21.864Z", "plan": 1, "une": 1, "metric": 6, "year": 2026, "month": 12, "target_value": "1.00", "points_if_achieved": 15, "reference_annual_value": "12.00", "notes": ""}}, {"model": "pgc.monthlytarget", "pk": 217, "fields": {"created_at": "2026-04-07T23:35:56.920Z", "updated_at": "2026-04-08T17:54:21.864Z", "plan": 1, "une": 1, "metric": 7, "year": 2026, "month": 1, "target_value": "1.00", "points_if_achieved": 10, "reference_annual_value": null, "notes": "Cumple con al menos 1 referencia enviada a cualquier otra UNE en el mes."}}, {"model": "pgc.monthlytarget", "pk": 218, "fields": {"created_at": "2026-04-07T23:35:56.920Z", "updated_at": "2026-04-08T17:54:21.865Z", "plan": 1, "une": 1, "metric": 7, "year": 2026, "month": 2, "target_value": "1.00", "points_if_achieved": 10, "reference_annual_value": null, "notes": "Cumple con al menos 1 referencia enviada a cualquier otra UNE en el mes."}}, {"model": "pgc.monthlytarget", "pk": 219, "fields": {"created_at": "2026-04-07T23:35:56.921Z", "updated_at": "2026-04-08T17:54:21.866Z", "plan": 1, "une": 1, "metric": 7, "year": 2026, "month": 3, "target_value": "1.00", "points_if_achieved": 10, "reference_annual_value": null, "notes": "Cumple con al menos 1 referencia enviada a cualquier otra UNE en el mes."}}, {"model": "pgc.monthlytarget", "pk": 220, "fields": {"created_at": "2026-04-07T23:35:56.922Z", "updated_at": "2026-04-08T17:54:21.866Z", "plan": 1, "une": 1, "metric": 7, "year": 2026, "month": 4, "target_value": "1.00", "points_if_achieved": 10, "reference_annual_value": null, "notes": "Cumple con al menos 1 referencia enviada a cualquier otra UNE en el mes."}}, {"model": "pgc.monthlytarget", "pk": 221, "fields": {"created_at": "2026-04-07T23:35:56.923Z", "updated_at": "2026-04-08T17:54:21.867Z", "plan": 1, "une": 1, "metric": 7, "year": 2026, "month": 5, "target_value": "1.00", "points_if_achieved": 10, "reference_annual_value": null, "notes": "Cumple con al menos 1 referencia enviada a cualquier otra UNE en el mes."}}, {"model": "pgc.monthlytarget", "pk": 222, "fields": {"created_at": "2026-04-07T23:35:56.923Z", "updated_at": "2026-04-08T17:54:21.868Z", "plan": 1, "une": 1, "metric": 7, "year": 2026, "month": 6, "target_value": "1.00", "points_if_achieved": 10, "reference_annual_value": null, "notes": "Cumple con al menos 1 referencia enviada a cualquier otra UNE en el mes."}}, {"model": "pgc.monthlytarget", "pk": 223, "fields": {"created_at": "2026-04-07T23:35:56.924Z", "updated_at": "2026-04-08T17:54:21.868Z", "plan": 1, "une": 1, "metric": 7, "year": 2026, "month": 7, "target_value": "1.00", "points_if_achieved": 10, "reference_annual_value": null, "notes": "Cumple con al menos 1 referencia enviada a cualquier otra UNE en el mes."}}, {"model": "pgc.monthlytarget", "pk": 224, "fields": {"created_at": "2026-04-07T23:35:56.925Z", "updated_at": "2026-04-08T17:54:21.869Z", "plan": 1, "une": 1, "metric": 7, "year": 2026, "month": 8, "target_value": "1.00", "points_if_achieved": 10, "reference_annual_value": null, "notes": "Cumple con al menos 1 referencia enviada a cualquier otra UNE en el mes."}}, {"model": "pgc.monthlytarget", "pk": 225, "fields": {"created_at": "2026-04-07T23:35:56.926Z", "updated_at": "2026-04-08T17:54:21.870Z", "plan": 1, "une": 1, "metric": 7, "year": 2026, "month": 9, "target_value": "1.00", "points_if_achieved": 10, "reference_annual_value": null, "notes": "Cumple con al menos 1 referencia enviada a cualquier otra UNE en el mes."}}, {"model": "pgc.monthlytarget", "pk": 226, "fields": {"created_at": "2026-04-07T23:35:56.926Z", "updated_at": "2026-04-08T17:54:21.871Z", "plan": 1, "une": 1, "metric": 7, "year": 2026, "month": 10, "target_value": "1.00", "points_if_achieved": 10, "reference_annual_value": null, "notes": "Cumple con al menos 1 referencia enviada a cualquier otra UNE en el mes."}}, {"model": "pgc.monthlytarget", "pk": 227, "fields": {"created_at": "2026-04-07T23:35:56.927Z", "updated_at": "2026-04-08T17:54:21.871Z", "plan": 1, "une": 1, "metric": 7, "year": 2026, "month": 11, "target_value": "1.00", "points_if_achieved": 10, "reference_annual_value": null, "notes": "Cumple con al menos 1 referencia enviada a cualquier otra UNE en el mes."}}, {"model": "pgc.monthlytarget", "pk": 228, "fields": {"created_at": "2026-04-07T23:35:56.928Z", "updated_at": "2026-04-08T17:54:21.872Z", "plan": 1, "une": 1, "metric": 7, "year": 2026, "month": 12, "target_value": "1.00", "points_if_achieved": 10, "reference_annual_value": null, "notes": "Cumple con al menos 1 referencia enviada a cualquier otra UNE en el mes."}}, {"model": "pgc.monthlytarget", "pk": 229, "fields": {"created_at": "2026-04-07T23:35:56.929Z", "updated_at": "2026-04-08T17:54:21.873Z", "plan": 1, "une": 1, "metric": 8, "year": 2026, "month": 1, "target_value": "1.00", "points_if_achieved": 5, "reference_annual_value": null, "notes": "Cumplimiento manual mensual; si incumple, registrar incidencia."}}, {"model": "pgc.monthlytarget", "pk": 230, "fields": {"created_at": "2026-04-07T23:35:56.929Z", "updated_at": "2026-04-08T17:54:21.873Z", "plan": 1, "une": 1, "metric": 8, "year": 2026, "month": 2, "target_value": "1.00", "points_if_achieved": 5, "reference_annual_value": null, "notes": "Cumplimiento manual mensual; si incumple, registrar incidencia."}}, {"model": "pgc.monthlytarget", "pk": 231, "fields": {"created_at": "2026-04-07T23:35:56.930Z", "updated_at": "2026-04-08T17:54:21.874Z", "plan": 1, "une": 1, "metric": 8, "year": 2026, "month": 3, "target_value": "1.00", "points_if_achieved": 5, "reference_annual_value": null, "notes": "Cumplimiento manual mensual; si incumple, registrar incidencia."}}, {"model": "pgc.monthlytarget", "pk": 232, "fields": {"created_at": "2026-04-07T23:35:56.931Z", "updated_at": "2026-04-08T17:54:21.875Z", "plan": 1, "une": 1, "metric": 8, "year": 2026, "month": 4, "target_value": "1.00", "points_if_achieved": 5, "reference_annual_value": null, "notes": "Cumplimiento manual mensual; si incumple, registrar incidencia."}}, {"model": "pgc.monthlytarget", "pk": 233, "fields": {"created_at": "2026-04-07T23:35:56.931Z", "updated_at": "2026-04-08T17:54:21.875Z", "plan": 1, "une": 1, "metric": 8, "year": 2026, "month": 5, "target_value": "1.00", "points_if_achieved": 5, "reference_annual_value": null, "notes": "Cumplimiento manual mensual; si incumple, registrar incidencia."}}, {"model": "pgc.monthlytarget", "pk": 234, "fields": {"created_at": "2026-04-07T23:35:56.932Z", "updated_at": "2026-04-08T17:54:21.876Z", "plan": 1, "une": 1, "metric": 8, "year": 2026, "month": 6, "target_value": "1.00", "points_if_achieved": 5, "reference_annual_value": null, "notes": "Cumplimiento manual mensual; si incumple, registrar incidencia."}}, {"model": "pgc.monthlytarget", "pk": 235, "fields": {"created_at": "2026-04-07T23:35:56.933Z", "updated_at": "2026-04-08T17:54:21.877Z", "plan": 1, "une": 1, "metric": 8, "year": 2026, "month": 7, "target_value": "1.00", "points_if_achieved": 5, "reference_annual_value": null, "notes": "Cumplimiento manual mensual; si incumple, registrar incidencia."}}, {"model": "pgc.monthlytarget", "pk": 236, "fields": {"created_at": "2026-04-07T23:35:56.934Z", "updated_at": "2026-04-08T17:54:21.878Z", "plan": 1, "une": 1, "metric": 8, "year": 2026, "month": 8, "target_value": "1.00", "points_if_achieved": 5, "reference_annual_value": null, "notes": "Cumplimiento manual mensual; si incumple, registrar incidencia."}}, {"model": "pgc.monthlytarget", "pk": 237, "fields": {"created_at": "2026-04-07T23:35:56.934Z", "updated_at": "2026-04-08T17:54:21.878Z", "plan": 1, "une": 1, "metric": 8, "year": 2026, "month": 9, "target_value": "1.00", "points_if_achieved": 5, "reference_annual_value": null, "notes": "Cumplimiento manual mensual; si incumple, registrar incidencia."}}, {"model": "pgc.monthlytarget", "pk": 238, "fields": {"created_at": "2026-04-07T23:35:56.935Z", "updated_at": "2026-04-08T17:54:21.879Z", "plan": 1, "une": 1, "metric": 8, "year": 2026, "month": 10, "target_value": "1.00", "points_if_achieved": 5, "reference_annual_value": null, "notes": "Cumplimiento manual mensual; si incumple, registrar incidencia."}}, {"model": "pgc.monthlytarget", "pk": 239, "fields": {"created_at": "2026-04-07T23:35:56.936Z", "updated_at": "2026-04-08T17:54:21.880Z", "plan": 1, "une": 1, "metric": 8, "year": 2026, "month": 11, "target_value": "1.00", "points_if_achieved": 5, "reference_annual_value": null, "notes": "Cumplimiento manual mensual; si incumple, registrar incidencia."}}, {"model": "pgc.monthlytarget", "pk": 240, "fields": {"created_at": "2026-04-07T23:35:56.937Z", "updated_at": "2026-04-08T17:54:21.880Z", "plan": 1, "une": 1, "metric": 8, "year": 2026, "month": 12, "target_value": "1.00", "points_if_achieved": 5, "reference_annual_value": null, "notes": "Cumplimiento manual mensual; si incumple, registrar incidencia."}}, {"model": "pgc.monthlytarget", "pk": 241, "fields": {"created_at": "2026-04-07T23:35:57.003Z", "updated_at": "2026-04-08T17:54:21.951Z", "plan": 1, "une": 4, "metric": 5, "year": 2026, "month": 1, "target_value": "0.20", "points_if_achieved": 75, "reference_annual_value": "16.20", "notes": ""}}, {"model": "pgc.monthlytarget", "pk": 242, "fields": {"created_at": "2026-04-07T23:35:57.004Z", "updated_at": "2026-04-08T17:54:21.951Z", "plan": 1, "une": 4, "metric": 5, "year": 2026, "month": 2, "target_value": "0.20", "points_if_achieved": 75, "reference_annual_value": "16.20", "notes": ""}}, {"model": "pgc.monthlytarget", "pk": 243, "fields": {"created_at": "2026-04-07T23:35:57.005Z", "updated_at": "2026-04-08T17:54:21.952Z", "plan": 1, "une": 4, "metric": 5, "year": 2026, "month": 3, "target_value": "0.30", "points_if_achieved": 75, "reference_annual_value": "16.20", "notes": ""}}, {"model": "pgc.monthlytarget", "pk": 244, "fields": {"created_at": "2026-04-07T23:35:57.005Z", "updated_at": "2026-04-08T17:54:21.953Z", "plan": 1, "une": 4, "metric": 5, "year": 2026, "month": 4, "target_value": "3.00", "points_if_achieved": 75, "reference_annual_value": "16.20", "notes": ""}}, {"model": "pgc.monthlytarget", "pk": 245, "fields": {"created_at": "2026-04-07T23:35:57.006Z", "updated_at": "2026-04-08T17:54:21.953Z", "plan": 1, "une": 4, "metric": 5, "year": 2026, "month": 5, "target_value": "0.60", "points_if_achieved": 75, "reference_annual_value": "16.20", "notes": ""}}, {"model": "pgc.monthlytarget", "pk": 246, "fields": {"created_at": "2026-04-07T23:35:57.007Z", "updated_at": "2026-04-08T17:54:21.954Z", "plan": 1, "une": 4, "metric": 5, "year": 2026, "month": 6, "target_value": "1.00", "points_if_achieved": 75, "reference_annual_value": "16.20", "notes": ""}}, {"model": "pgc.monthlytarget", "pk": 247, "fields": {"created_at": "2026-04-07T23:35:57.007Z", "updated_at": "2026-04-08T17:54:21.955Z", "plan": 1, "une": 4, "metric": 5, "year": 2026, "month": 7, "target_value": "1.00", "points_if_achieved": 75, "reference_annual_value": "16.20", "notes": ""}}, {"model": "pgc.monthlytarget", "pk": 248, "fields": {"created_at": "2026-04-07T23:35:57.008Z", "updated_at": "2026-04-08T17:54:21.956Z", "plan": 1, "une": 4, "metric": 5, "year": 2026, "month": 8, "target_value": "1.00", "points_if_achieved": 75, "reference_annual_value": "16.20", "notes": ""}}, {"model": "pgc.monthlytarget", "pk": 249, "fields": {"created_at": "2026-04-07T23:35:57.009Z", "updated_at": "2026-04-08T17:54:21.956Z", "plan": 1, "une": 4, "metric": 5, "year": 2026, "month": 9, "target_value": "1.00", "points_if_achieved": 75, "reference_annual_value": "16.20", "notes": ""}}, {"model": "pgc.monthlytarget", "pk": 250, "fields": {"created_at": "2026-04-07T23:35:57.010Z", "updated_at": "2026-04-08T17:54:21.957Z", "plan": 1, "une": 4, "metric": 5, "year": 2026, "month": 10, "target_value": "2.00", "points_if_achieved": 75, "reference_annual_value": "16.20", "notes": ""}}, {"model": "pgc.monthlytarget", "pk": 251, "fields": {"created_at": "2026-04-07T23:35:57.010Z", "updated_at": "2026-04-08T17:54:21.958Z", "plan": 1, "une": 4, "metric": 5, "year": 2026, "month": 11, "target_value": "2.90", "points_if_achieved": 75, "reference_annual_value": "16.20", "notes": ""}}, {"model": "pgc.monthlytarget", "pk": 252, "fields": {"created_at": "2026-04-07T23:35:57.011Z", "updated_at": "2026-04-08T17:54:21.959Z", "plan": 1, "une": 4, "metric": 5, "year": 2026, "month": 12, "target_value": "3.00", "points_if_achieved": 75, "reference_annual_value": "16.20", "notes": ""}}, {"model": "pgc.monthlytarget", "pk": 253, "fields": {"created_at": "2026-04-07T23:35:57.012Z", "updated_at": "2026-04-08T17:54:21.959Z", "plan": 1, "une": 4, "metric": 6, "year": 2026, "month": 1, "target_value": "1.00", "points_if_achieved": 15, "reference_annual_value": "20.00", "notes": ""}}, {"model": "pgc.monthlytarget", "pk": 254, "fields": {"created_at": "2026-04-07T23:35:57.012Z", "updated_at": "2026-04-08T17:54:21.960Z", "plan": 1, "une": 4, "metric": 6, "year": 2026, "month": 2, "target_value": "2.00", "points_if_achieved": 15, "reference_annual_value": "20.00", "notes": ""}}, {"model": "pgc.monthlytarget", "pk": 255, "fields": {"created_at": "2026-04-07T23:35:57.013Z", "updated_at": "2026-04-08T17:54:21.961Z", "plan": 1, "une": 4, "metric": 6, "year": 2026, "month": 3, "target_value": "2.00", "points_if_achieved": 15, "reference_annual_value": "20.00", "notes": ""}}, {"model": "pgc.monthlytarget", "pk": 256, "fields": {"created_at": "2026-04-07T23:35:57.014Z", "updated_at": "2026-04-08T17:54:21.962Z", "plan": 1, "une": 4, "metric": 6, "year": 2026, "month": 4, "target_value": "2.00", "points_if_achieved": 15, "reference_annual_value": "20.00", "notes": ""}}, {"model": "pgc.monthlytarget", "pk": 257, "fields": {"created_at": "2026-04-07T23:35:57.015Z", "updated_at": "2026-04-08T17:54:21.962Z", "plan": 1, "une": 4, "metric": 6, "year": 2026, "month": 5, "target_value": "2.00", "points_if_achieved": 15, "reference_annual_value": "20.00", "notes": ""}}, {"model": "pgc.monthlytarget", "pk": 258, "fields": {"created_at": "2026-04-07T23:35:57.015Z", "updated_at": "2026-04-08T17:54:21.963Z", "plan": 1, "une": 4, "metric": 6, "year": 2026, "month": 6, "target_value": "2.00", "points_if_achieved": 15, "reference_annual_value": "20.00", "notes": ""}}, {"model": "pgc.monthlytarget", "pk": 259, "fields": {"created_at": "2026-04-07T23:35:57.016Z", "updated_at": "2026-04-08T17:54:21.964Z", "plan": 1, "une": 4, "metric": 6, "year": 2026, "month": 7, "target_value": "1.00", "points_if_achieved": 15, "reference_annual_value": "20.00", "notes": ""}}, {"model": "pgc.monthlytarget", "pk": 260, "fields": {"created_at": "2026-04-07T23:35:57.017Z", "updated_at": "2026-04-08T17:54:21.965Z", "plan": 1, "une": 4, "metric": 6, "year": 2026, "month": 8, "target_value": "1.00", "points_if_achieved": 15, "reference_annual_value": "20.00", "notes": ""}}, {"model": "pgc.monthlytarget", "pk": 261, "fields": {"created_at": "2026-04-07T23:35:57.017Z", "updated_at": "2026-04-08T17:54:21.966Z", "plan": 1, "une": 4, "metric": 6, "year": 2026, "month": 9, "target_value": "1.00", "points_if_achieved": 15, "reference_annual_value": "20.00", "notes": ""}}, {"model": "pgc.monthlytarget", "pk": 262, "fields": {"created_at": "2026-04-07T23:35:57.018Z", "updated_at": "2026-04-08T17:54:21.967Z", "plan": 1, "une": 4, "metric": 6, "year": 2026, "month": 10, "target_value": "2.00", "points_if_achieved": 15, "reference_annual_value": "20.00", "notes": ""}}, {"model": "pgc.monthlytarget", "pk": 263, "fields": {"created_at": "2026-04-07T23:35:57.019Z", "updated_at": "2026-04-08T17:54:21.968Z", "plan": 1, "une": 4, "metric": 6, "year": 2026, "month": 11, "target_value": "2.00", "points_if_achieved": 15, "reference_annual_value": "20.00", "notes": ""}}, {"model": "pgc.monthlytarget", "pk": 264, "fields": {"created_at": "2026-04-07T23:35:57.019Z", "updated_at": "2026-04-08T17:54:21.969Z", "plan": 1, "une": 4, "metric": 6, "year": 2026, "month": 12, "target_value": "2.00", "points_if_achieved": 15, "reference_annual_value": "20.00", "notes": ""}}, {"model": "pgc.monthlytarget", "pk": 265, "fields": {"created_at": "2026-04-07T23:35:57.020Z", "updated_at": "2026-04-08T17:54:21.970Z", "plan": 1, "une": 4, "metric": 7, "year": 2026, "month": 1, "target_value": "1.00", "points_if_achieved": 10, "reference_annual_value": null, "notes": "Cumple con al menos 1 referencia enviada a cualquier otra UNE en el mes."}}, {"model": "pgc.monthlytarget", "pk": 266, "fields": {"created_at": "2026-04-07T23:35:57.021Z", "updated_at": "2026-04-08T17:54:21.970Z", "plan": 1, "une": 4, "metric": 7, "year": 2026, "month": 2, "target_value": "1.00", "points_if_achieved": 10, "reference_annual_value": null, "notes": "Cumple con al menos 1 referencia enviada a cualquier otra UNE en el mes."}}, {"model": "pgc.monthlytarget", "pk": 267, "fields": {"created_at": "2026-04-07T23:35:57.022Z", "updated_at": "2026-04-08T17:54:21.971Z", "plan": 1, "une": 4, "metric": 7, "year": 2026, "month": 3, "target_value": "1.00", "points_if_achieved": 10, "reference_annual_value": null, "notes": "Cumple con al menos 1 referencia enviada a cualquier otra UNE en el mes."}}, {"model": "pgc.monthlytarget", "pk": 268, "fields": {"created_at": "2026-04-07T23:35:57.022Z", "updated_at": "2026-04-08T17:54:21.972Z", "plan": 1, "une": 4, "metric": 7, "year": 2026, "month": 4, "target_value": "1.00", "points_if_achieved": 10, "reference_annual_value": null, "notes": "Cumple con al menos 1 referencia enviada a cualquier otra UNE en el mes."}}, {"model": "pgc.monthlytarget", "pk": 269, "fields": {"created_at": "2026-04-07T23:35:57.023Z", "updated_at": "2026-04-08T17:54:21.972Z", "plan": 1, "une": 4, "metric": 7, "year": 2026, "month": 5, "target_value": "1.00", "points_if_achieved": 10, "reference_annual_value": null, "notes": "Cumple con al menos 1 referencia enviada a cualquier otra UNE en el mes."}}, {"model": "pgc.monthlytarget", "pk": 270, "fields": {"created_at": "2026-04-07T23:35:57.024Z", "updated_at": "2026-04-08T17:54:21.973Z", "plan": 1, "une": 4, "metric": 7, "year": 2026, "month": 6, "target_value": "1.00", "points_if_achieved": 10, "reference_annual_value": null, "notes": "Cumple con al menos 1 referencia enviada a cualquier otra UNE en el mes."}}, {"model": "pgc.monthlytarget", "pk": 271, "fields": {"created_at": "2026-04-07T23:35:57.024Z", "updated_at": "2026-04-08T17:54:21.974Z", "plan": 1, "une": 4, "metric": 7, "year": 2026, "month": 7, "target_value": "1.00", "points_if_achieved": 10, "reference_annual_value": null, "notes": "Cumple con al menos 1 referencia enviada a cualquier otra UNE en el mes."}}, {"model": "pgc.monthlytarget", "pk": 272, "fields": {"created_at": "2026-04-07T23:35:57.025Z", "updated_at": "2026-04-08T17:54:21.975Z", "plan": 1, "une": 4, "metric": 7, "year": 2026, "month": 8, "target_value": "1.00", "points_if_achieved": 10, "reference_annual_value": null, "notes": "Cumple con al menos 1 referencia enviada a cualquier otra UNE en el mes."}}, {"model": "pgc.monthlytarget", "pk": 273, "fields": {"created_at": "2026-04-07T23:35:57.026Z", "updated_at": "2026-04-08T17:54:21.975Z", "plan": 1, "une": 4, "metric": 7, "year": 2026, "month": 9, "target_value": "1.00", "points_if_achieved": 10, "reference_annual_value": null, "notes": "Cumple con al menos 1 referencia enviada a cualquier otra UNE en el mes."}}, {"model": "pgc.monthlytarget", "pk": 274, "fields": {"created_at": "2026-04-07T23:35:57.027Z", "updated_at": "2026-04-08T17:54:21.976Z", "plan": 1, "une": 4, "metric": 7, "year": 2026, "month": 10, "target_value": "1.00", "points_if_achieved": 10, "reference_annual_value": null, "notes": "Cumple con al menos 1 referencia enviada a cualquier otra UNE en el mes."}}, {"model": "pgc.monthlytarget", "pk": 275, "fields": {"created_at": "2026-04-07T23:35:57.027Z", "updated_at": "2026-04-08T17:54:21.977Z", "plan": 1, "une": 4, "metric": 7, "year": 2026, "month": 11, "target_value": "1.00", "points_if_achieved": 10, "reference_annual_value": null, "notes": "Cumple con al menos 1 referencia enviada a cualquier otra UNE en el mes."}}, {"model": "pgc.monthlytarget", "pk": 276, "fields": {"created_at": "2026-04-07T23:35:57.028Z", "updated_at": "2026-04-08T17:54:21.978Z", "plan": 1, "une": 4, "metric": 7, "year": 2026, "month": 12, "target_value": "1.00", "points_if_achieved": 10, "reference_annual_value": null, "notes": "Cumple con al menos 1 referencia enviada a cualquier otra UNE en el mes."}}, {"model": "pgc.monthlytarget", "pk": 277, "fields": {"created_at": "2026-04-07T23:35:57.029Z", "updated_at": "2026-04-08T17:54:21.978Z", "plan": 1, "une": 4, "metric": 8, "year": 2026, "month": 1, "target_value": "0.00", "points_if_achieved": 0, "reference_annual_value": null, "notes": "Cumplimiento manual mensual; si incumple, registrar incidencia."}}, {"model": "pgc.monthlytarget", "pk": 278, "fields": {"created_at": "2026-04-07T23:35:57.029Z", "updated_at": "2026-04-08T17:54:21.979Z", "plan": 1, "une": 4, "metric": 8, "year": 2026, "month": 2, "target_value": "0.00", "points_if_achieved": 0, "reference_annual_value": null, "notes": "Cumplimiento manual mensual; si incumple, registrar incidencia."}}, {"model": "pgc.monthlytarget", "pk": 279, "fields": {"created_at": "2026-04-07T23:35:57.030Z", "updated_at": "2026-04-08T17:54:21.980Z", "plan": 1, "une": 4, "metric": 8, "year": 2026, "month": 3, "target_value": "0.00", "points_if_achieved": 0, "reference_annual_value": null, "notes": "Cumplimiento manual mensual; si incumple, registrar incidencia."}}, {"model": "pgc.monthlytarget", "pk": 280, "fields": {"created_at": "2026-04-07T23:35:57.031Z", "updated_at": "2026-04-08T17:54:21.981Z", "plan": 1, "une": 4, "metric": 8, "year": 2026, "month": 4, "target_value": "0.00", "points_if_achieved": 0, "reference_annual_value": null, "notes": "Cumplimiento manual mensual; si incumple, registrar incidencia."}}, {"model": "pgc.monthlytarget", "pk": 281, "fields": {"created_at": "2026-04-07T23:35:57.032Z", "updated_at": "2026-04-08T17:54:21.981Z", "plan": 1, "une": 4, "metric": 8, "year": 2026, "month": 5, "target_value": "0.00", "points_if_achieved": 0, "reference_annual_value": null, "notes": "Cumplimiento manual mensual; si incumple, registrar incidencia."}}, {"model": "pgc.monthlytarget", "pk": 282, "fields": {"created_at": "2026-04-07T23:35:57.032Z", "updated_at": "2026-04-08T17:54:21.982Z", "plan": 1, "une": 4, "metric": 8, "year": 2026, "month": 6, "target_value": "0.00", "points_if_achieved": 0, "reference_annual_value": null, "notes": "Cumplimiento manual mensual; si incumple, registrar incidencia."}}, {"model": "pgc.monthlytarget", "pk": 283, "fields": {"created_at": "2026-04-07T23:35:57.033Z", "updated_at": "2026-04-08T17:54:21.983Z", "plan": 1, "une": 4, "metric": 8, "year": 2026, "month": 7, "target_value": "0.00", "points_if_achieved": 0, "reference_annual_value": null, "notes": "Cumplimiento manual mensual; si incumple, registrar incidencia."}}, {"model": "pgc.monthlytarget", "pk": 284, "fields": {"created_at": "2026-04-07T23:35:57.034Z", "updated_at": "2026-04-08T17:54:21.984Z", "plan": 1, "une": 4, "metric": 8, "year": 2026, "month": 8, "target_value": "0.00", "points_if_achieved": 0, "reference_annual_value": null, "notes": "Cumplimiento manual mensual; si incumple, registrar incidencia."}}, {"model": "pgc.monthlytarget", "pk": 285, "fields": {"created_at": "2026-04-07T23:35:57.034Z", "updated_at": "2026-04-08T17:54:21.984Z", "plan": 1, "une": 4, "metric": 8, "year": 2026, "month": 9, "target_value": "0.00", "points_if_achieved": 0, "reference_annual_value": null, "notes": "Cumplimiento manual mensual; si incumple, registrar incidencia."}}, {"model": "pgc.monthlytarget", "pk": 286, "fields": {"created_at": "2026-04-07T23:35:57.035Z", "updated_at": "2026-04-08T17:54:21.985Z", "plan": 1, "une": 4, "metric": 8, "year": 2026, "month": 10, "target_value": "0.00", "points_if_achieved": 0, "reference_annual_value": null, "notes": "Cumplimiento manual mensual; si incumple, registrar incidencia."}}, {"model": "pgc.monthlytarget", "pk": 287, "fields": {"created_at": "2026-04-07T23:35:57.036Z", "updated_at": "2026-04-08T17:54:21.986Z", "plan": 1, "une": 4, "metric": 8, "year": 2026, "month": 11, "target_value": "0.00", "points_if_achieved": 0, "reference_annual_value": null, "notes": "Cumplimiento manual mensual; si incumple, registrar incidencia."}}, {"model": "pgc.monthlytarget", "pk": 288, "fields": {"created_at": "2026-04-07T23:35:57.036Z", "updated_at": "2026-04-08T17:54:21.986Z", "plan": 1, "une": 4, "metric": 8, "year": 2026, "month": 12, "target_value": "0.00", "points_if_achieved": 0, "reference_annual_value": null, "notes": "Cumplimiento manual mensual; si incumple, registrar incidencia."}}, {"model": "pgc.monthlymetricresult", "pk": 7, "fields": {"created_at": "2026-04-07T23:29:55.313Z", "updated_at": "2026-04-23T00:41:33.801Z", "plan": 1, "une": 2, "metric": 8, "year": 2026, "month": 1, "measured_value": "1.00", "target_value": "1.00", "is_achieved": false, "points_awarded": 0, "calculation_note": "Marcado como no cumplido en cumplimiento manual; puntos removidos."}}, {"model": "pgc.monthlymetricresult", "pk": 11, "fields": {"created_at": "2026-04-07T23:29:55.318Z", "updated_at": "2026-04-23T00:41:33.789Z", "plan": 1, "une": 3, "metric": 8, "year": 2026, "month": 1, "measured_value": "1.00", "target_value": "1.00", "is_achieved": true, "points_awarded": 5, "calculation_note": "Cumple meta (>= objetivo)."}}, {"model": "pgc.monthlymetricresult", "pk": 20, "fields": {"created_at": "2026-04-07T23:36:05.539Z", "updated_at": "2026-04-23T00:41:33.780Z", "plan": 1, "une": 1, "metric": 8, "year": 2026, "month": 1, "measured_value": "1.00", "target_value": "1.00", "is_achieved": true, "points_awarded": 5, "calculation_note": "Cumple meta (>= objetivo)."}}, {"model": "pgc.monthlymetricresult", "pk": 24, "fields": {"created_at": "2026-04-07T23:36:05.556Z", "updated_at": "2026-04-23T00:41:33.794Z", "plan": 1, "une": 4, "metric": 8, "year": 2026, "month": 1, "measured_value": "0.00", "target_value": "0.00", "is_achieved": true, "points_awarded": 0, "calculation_note": "Cumple meta (>= objetivo)."}}, {"model": "pgc.monthlymetricresult", "pk": 28, "fields": {"created_at": "2026-04-08T18:14:33.384Z", "updated_at": "2026-04-23T00:41:34.072Z", "plan": 1, "une": 1, "metric": 8, "year": 2026, "month": 2, "measured_value": null, "target_value": "1.00", "is_achieved": false, "points_awarded": 0, "calculation_note": "Sin datos suficientes o no cumplida."}}, {"model": "pgc.monthlymetricresult", "pk": 31, "fields": {"created_at": "2026-04-08T18:14:33.389Z", "updated_at": "2026-04-23T00:41:34.077Z", "plan": 1, "une": 2, "metric": 8, "year": 2026, "month": 2, "measured_value": null, "target_value": "1.00", "is_achieved": false, "points_awarded": 0, "calculation_note": "Sin datos suficientes o no cumplida."}}, {"model": "pgc.monthlymetricresult", "pk": 35, "fields": {"created_at": "2026-04-08T18:14:33.395Z", "updated_at": "2026-04-23T00:41:34.082Z", "plan": 1, "une": 3, "metric": 8, "year": 2026, "month": 2, "measured_value": null, "target_value": "1.00", "is_achieved": false, "points_awarded": 0, "calculation_note": "Sin datos suficientes o no cumplida."}}, {"model": "pgc.monthlymetricresult", "pk": 39, "fields": {"created_at": "2026-04-08T18:14:33.400Z", "updated_at": "2026-04-23T00:41:34.086Z", "plan": 1, "une": 4, "metric": 8, "year": 2026, "month": 2, "measured_value": null, "target_value": "0.00", "is_achieved": false, "points_awarded": 0, "calculation_note": "Sin datos suficientes o no cumplida."}}, {"model": "pgc.monthlymetricresult", "pk": 41, "fields": {"created_at": "2026-04-16T21:39:19.173Z", "updated_at": "2026-04-23T00:41:33.782Z", "plan": 1, "une": 2, "metric": 6, "year": 2026, "month": 1, "measured_value": "1.00", "target_value": "0.00", "is_achieved": true, "points_awarded": 15, "calculation_note": "Cumple meta (>= objetivo)."}}, {"model": "pgc.monthlymetricresult", "pk": 42, "fields": {"created_at": "2026-04-16T21:39:19.175Z", "updated_at": "2026-04-23T00:41:33.791Z", "plan": 1, "une": 4, "metric": 6, "year": 2026, "month": 1, "measured_value": "2.00", "target_value": "1.00", "is_achieved": true, "points_awarded": 15, "calculation_note": "Cumple meta (>= objetivo)."}}, {"model": "pgc.monthlymetricresult", "pk": 43, "fields": {"created_at": "2026-04-16T21:39:38.695Z", "updated_at": "2026-04-23T00:41:34.069Z", "plan": 1, "une": 1, "metric": 6, "year": 2026, "month": 2, "measured_value": "1.00", "target_value": "1.00", "is_achieved": true, "points_awarded": 15, "calculation_note": "Cumple meta (>= objetivo)."}}, {"model": "pgc.monthlymetricresult", "pk": 44, "fields": {"created_at": "2026-04-16T21:39:38.698Z", "updated_at": "2026-04-23T00:41:34.074Z", "plan": 1, "une": 2, "metric": 6, "year": 2026, "month": 2, "measured_value": "1.00", "target_value": "2.00", "is_achieved": false, "points_awarded": 0, "calculation_note": "No cumple meta (< objetivo)."}}, {"model": "pgc.monthlymetricresult", "pk": 49, "fields": {"created_at": "2026-04-16T22:35:27.515Z", "updated_at": "2026-04-23T00:41:34.073Z", "plan": 1, "une": 1, "metric": 7, "year": 2026, "month": 2, "measured_value": "2.00", "target_value": "1.00", "is_achieved": true, "points_awarded": 10, "calculation_note": "Cumple meta (>= objetivo)."}}, {"model": "pgc.monthlymetricresult", "pk": 50, "fields": {"created_at": "2026-04-16T22:35:27.517Z", "updated_at": "2026-04-23T00:41:34.078Z", "plan": 1, "une": 2, "metric": 7, "year": 2026, "month": 2, "measured_value": "1.00", "target_value": "1.00", "is_achieved": true, "points_awarded": 10, "calculation_note": "Cumple meta (>= objetivo)."}}, {"model": "pgc.monthlymetricresult", "pk": 51, "fields": {"created_at": "2026-04-16T22:57:34.356Z", "updated_at": "2026-04-23T00:41:33.778Z", "plan": 1, "une": 1, "metric": 5, "year": 2026, "month": 1, "measured_value": "298.57", "target_value": "660.00", "is_achieved": false, "points_awarded": 0, "calculation_note": "No cumple meta (< objetivo)."}}, {"model": "pgc.monthlymetricresult", "pk": 52, "fields": {"created_at": "2026-04-16T22:57:50.253Z", "updated_at": "2026-04-23T00:41:34.071Z", "plan": 1, "une": 1, "metric": 5, "year": 2026, "month": 2, "measured_value": "137.72", "target_value": "1100.00", "is_achieved": false, "points_awarded": 0, "calculation_note": "No cumple meta (< objetivo)."}}, {"model": "pgc.monthlymetricresult", "pk": 53, "fields": {"created_at": "2026-04-16T23:15:17.002Z", "updated_at": "2026-04-23T00:49:23.857Z", "plan": 1, "une": 1, "metric": 5, "year": 2026, "month": 3, "measured_value": "1818.13", "target_value": "770.00", "is_achieved": true, "points_awarded": 70, "calculation_note": "Cumple meta (>= objetivo)."}}, {"model": "pgc.monthlymetricresult", "pk": 54, "fields": {"created_at": "2026-04-16T23:15:19.302Z", "updated_at": "2026-04-23T00:49:23.862Z", "plan": 1, "une": 2, "metric": 5, "year": 2026, "month": 3, "measured_value": "76.41", "target_value": "84.00", "is_achieved": false, "points_awarded": 0, "calculation_note": "No cumple meta (< objetivo)."}}, {"model": "pgc.monthlymetricresult", "pk": 55, "fields": {"created_at": "2026-04-16T23:19:57.126Z", "updated_at": "2026-04-23T00:41:33.788Z", "plan": 1, "une": 3, "metric": 5, "year": 2026, "month": 1, "measured_value": "1622.11", "target_value": "6.75", "is_achieved": true, "points_awarded": 70, "calculation_note": "Cumple meta (>= objetivo)."}}, {"model": "pgc.monthlymetricresult", "pk": 56, "fields": {"created_at": "2026-04-16T23:19:57.591Z", "updated_at": "2026-04-23T00:41:34.081Z", "plan": 1, "une": 3, "metric": 5, "year": 2026, "month": 2, "measured_value": "3764.06", "target_value": "5.76", "is_achieved": true, "points_awarded": 70, "calculation_note": "Cumple meta (>= objetivo)."}}, {"model": "pgc.monthlymetricresult", "pk": 57, "fields": {"created_at": "2026-04-16T23:19:58.045Z", "updated_at": "2026-04-23T00:49:23.867Z", "plan": 1, "une": 3, "metric": 5, "year": 2026, "month": 3, "measured_value": "2939.76", "target_value": "5.90", "is_achieved": true, "points_awarded": 70, "calculation_note": "Cumple meta (>= objetivo)."}}, {"model": "pgc.monthlymetricresult", "pk": 58, "fields": {"created_at": "2026-04-16T23:19:58.509Z", "updated_at": "2026-04-23T00:41:33.783Z", "plan": 1, "une": 2, "metric": 5, "year": 2026, "month": 1, "measured_value": "70.21", "target_value": "96.00", "is_achieved": false, "points_awarded": 0, "calculation_note": "No cumple meta (< objetivo)."}}, {"model": "pgc.monthlymetricresult", "pk": 59, "fields": {"created_at": "2026-04-16T23:19:58.972Z", "updated_at": "2026-04-23T00:41:34.076Z", "plan": 1, "une": 2, "metric": 5, "year": 2026, "month": 2, "measured_value": "53.84", "target_value": "84.00", "is_achieved": false, "points_awarded": 0, "calculation_note": "No cumple meta (< objetivo)."}}, {"model": "pgc.monthlymetricresult", "pk": 60, "fields": {"created_at": "2026-04-16T23:22:06.150Z", "updated_at": "2026-04-23T00:41:33.777Z", "plan": 1, "une": 1, "metric": 6, "year": 2026, "month": 1, "measured_value": null, "target_value": "1.00", "is_achieved": false, "points_awarded": 0, "calculation_note": "Sin valor medido para este mes."}}, {"model": "pgc.monthlymetricresult", "pk": 61, "fields": {"created_at": "2026-04-16T23:22:06.156Z", "updated_at": "2026-04-23T00:41:33.781Z", "plan": 1, "une": 1, "metric": 7, "year": 2026, "month": 1, "measured_value": null, "target_value": "1.00", "is_achieved": false, "points_awarded": 0, "calculation_note": "Sin datos suficientes o no cumplida."}}, {"model": "pgc.monthlymetricresult", "pk": 62, "fields": {"created_at": "2026-04-16T23:22:06.162Z", "updated_at": "2026-04-23T00:41:33.785Z", "plan": 1, "une": 2, "metric": 7, "year": 2026, "month": 1, "measured_value": null, "target_value": "1.00", "is_achieved": false, "points_awarded": 0, "calculation_note": "Sin datos suficientes o no cumplida."}}, {"model": "pgc.monthlymetricresult", "pk": 63, "fields": {"created_at": "2026-04-16T23:22:06.164Z", "updated_at": "2026-04-23T00:41:33.786Z", "plan": 1, "une": 3, "metric": 6, "year": 2026, "month": 1, "measured_value": null, "target_value": "1.00", "is_achieved": false, "points_awarded": 0, "calculation_note": "Sin valor medido para este mes."}}, {"model": "pgc.monthlymetricresult", "pk": 64, "fields": {"created_at": "2026-04-16T23:22:06.167Z", "updated_at": "2026-04-23T00:41:33.790Z", "plan": 1, "une": 3, "metric": 7, "year": 2026, "month": 1, "measured_value": null, "target_value": "1.00", "is_achieved": false, "points_awarded": 0, "calculation_note": "Sin datos suficientes o no cumplida."}}, {"model": "pgc.monthlymetricresult", "pk": 65, "fields": {"created_at": "2026-04-16T23:22:06.171Z", "updated_at": "2026-04-23T01:07:26.786Z", "plan": 1, "une": 4, "metric": 5, "year": 2026, "month": 1, "measured_value": "1200.00", "target_value": "0.20", "is_achieved": true, "points_awarded": 75, "calculation_note": "INVESTMENT INGRESOS recalculado desde NewClientImportRow (counts_as_new=True). Filas=2. GTQ->USD usando TC=7.66614 del 2026-01. TotalUSD=1200000.00. TotalUSD_Ajustado=1200.00 (dividido dentro de 1000)."}}, {"model": "pgc.monthlymetricresult", "pk": 66, "fields": {"created_at": "2026-04-16T23:22:06.174Z", "updated_at": "2026-04-23T00:41:33.795Z", "plan": 1, "une": 4, "metric": 7, "year": 2026, "month": 1, "measured_value": null, "target_value": "1.00", "is_achieved": false, "points_awarded": 0, "calculation_note": "Sin datos suficientes o no cumplida."}}, {"model": "pgc.monthlymetricresult", "pk": 67, "fields": {"created_at": "2026-04-16T23:22:06.459Z", "updated_at": "2026-04-23T00:41:34.079Z", "plan": 1, "une": 3, "metric": 6, "year": 2026, "month": 2, "measured_value": null, "target_value": "2.00", "is_achieved": false, "points_awarded": 0, "calculation_note": "Sin valor medido para este mes."}}, {"model": "pgc.monthlymetricresult", "pk": 68, "fields": {"created_at": "2026-04-16T23:22:06.463Z", "updated_at": "2026-04-23T00:41:34.083Z", "plan": 1, "une": 3, "metric": 7, "year": 2026, "month": 2, "measured_value": null, "target_value": "1.00", "is_achieved": false, "points_awarded": 0, "calculation_note": "Sin datos suficientes o no cumplida."}}, {"model": "pgc.monthlymetricresult", "pk": 69, "fields": {"created_at": "2026-04-16T23:22:06.464Z", "updated_at": "2026-04-23T00:41:34.084Z", "plan": 1, "une": 4, "metric": 6, "year": 2026, "month": 2, "measured_value": null, "target_value": "2.00", "is_achieved": false, "points_awarded": 0, "calculation_note": "Sin valor medido para este mes."}}, {"model": "pgc.monthlymetricresult", "pk": 70, "fields": {"created_at": "2026-04-16T23:22:06.466Z", "updated_at": "2026-04-23T01:03:58.046Z", "plan": 1, "une": 4, "metric": 5, "year": 2026, "month": 2, "measured_value": "0.00", "target_value": "0.20", "is_achieved": false, "points_awarded": 0, "calculation_note": "INVESTMENT INGRESOS recalculado desde NewClientImportRow (counts_as_new=True). Filas=0. GTQ->USD usando TC=7.66476 del 2026-02. TotalUSD=0."}}, {"model": "pgc.monthlymetricresult", "pk": 71, "fields": {"created_at": "2026-04-16T23:22:06.469Z", "updated_at": "2026-04-23T00:41:34.087Z", "plan": 1, "une": 4, "metric": 7, "year": 2026, "month": 2, "measured_value": null, "target_value": "1.00", "is_achieved": false, "points_awarded": 0, "calculation_note": "Sin datos suficientes o no cumplida."}}, {"model": "pgc.monthlymetricresult", "pk": 72, "fields": {"created_at": "2026-04-16T23:22:06.743Z", "updated_at": "2026-04-23T00:49:23.856Z", "plan": 1, "une": 1, "metric": 6, "year": 2026, "month": 3, "measured_value": null, "target_value": "1.00", "is_achieved": false, "points_awarded": 0, "calculation_note": "Sin valor medido para este mes."}}, {"model": "pgc.monthlymetricresult", "pk": 73, "fields": {"created_at": "2026-04-16T23:22:06.747Z", "updated_at": "2026-04-23T00:49:23.859Z", "plan": 1, "une": 1, "metric": 8, "year": 2026, "month": 3, "measured_value": null, "target_value": "1.00", "is_achieved": false, "points_awarded": 0, "calculation_note": "Sin datos suficientes o no cumplida."}}, {"model": "pgc.monthlymetricresult", "pk": 74, "fields": {"created_at": "2026-04-16T23:22:06.748Z", "updated_at": "2026-04-23T00:49:23.860Z", "plan": 1, "une": 1, "metric": 7, "year": 2026, "month": 3, "measured_value": null, "target_value": "1.00", "is_achieved": false, "points_awarded": 0, "calculation_note": "Sin datos suficientes o no cumplida."}}, {"model": "pgc.monthlymetricresult", "pk": 75, "fields": {"created_at": "2026-04-16T23:22:06.750Z", "updated_at": "2026-04-23T00:49:23.861Z", "plan": 1, "une": 2, "metric": 6, "year": 2026, "month": 3, "measured_value": null, "target_value": "1.00", "is_achieved": false, "points_awarded": 0, "calculation_note": "Sin valor medido para este mes."}}, {"model": "pgc.monthlymetricresult", "pk": 76, "fields": {"created_at": "2026-04-16T23:22:06.752Z", "updated_at": "2026-04-23T00:49:23.863Z", "plan": 1, "une": 2, "metric": 8, "year": 2026, "month": 3, "measured_value": null, "target_value": "1.00", "is_achieved": false, "points_awarded": 0, "calculation_note": "Sin datos suficientes o no cumplida."}}, {"model": "pgc.monthlymetricresult", "pk": 77, "fields": {"created_at": "2026-04-16T23:22:06.753Z", "updated_at": "2026-04-23T00:49:23.864Z", "plan": 1, "une": 2, "metric": 7, "year": 2026, "month": 3, "measured_value": null, "target_value": "1.00", "is_achieved": false, "points_awarded": 0, "calculation_note": "Sin datos suficientes o no cumplida."}}, {"model": "pgc.monthlymetricresult", "pk": 78, "fields": {"created_at": "2026-04-16T23:22:06.755Z", "updated_at": "2026-04-23T00:49:23.865Z", "plan": 1, "une": 3, "metric": 6, "year": 2026, "month": 3, "measured_value": null, "target_value": "3.00", "is_achieved": false, "points_awarded": 0, "calculation_note": "Sin valor medido para este mes."}}, {"model": "pgc.monthlymetricresult", "pk": 79, "fields": {"created_at": "2026-04-16T23:22:06.758Z", "updated_at": "2026-04-23T00:49:23.868Z", "plan": 1, "une": 3, "metric": 8, "year": 2026, "month": 3, "measured_value": null, "target_value": "1.00", "is_achieved": false, "points_awarded": 0, "calculation_note": "Sin datos suficientes o no cumplida."}}, {"model": "pgc.monthlymetricresult", "pk": 80, "fields": {"created_at": "2026-04-16T23:22:06.760Z", "updated_at": "2026-04-23T00:49:23.869Z", "plan": 1, "une": 3, "metric": 7, "year": 2026, "month": 3, "measured_value": null, "target_value": "1.00", "is_achieved": false, "points_awarded": 0, "calculation_note": "Sin datos suficientes o no cumplida."}}, {"model": "pgc.monthlymetricresult", "pk": 81, "fields": {"created_at": "2026-04-16T23:22:06.761Z", "updated_at": "2026-04-23T00:49:23.870Z", "plan": 1, "une": 4, "metric": 6, "year": 2026, "month": 3, "measured_value": null, "target_value": "2.00", "is_achieved": false, "points_awarded": 0, "calculation_note": "Sin valor medido para este mes."}}, {"model": "pgc.monthlymetricresult", "pk": 82, "fields": {"created_at": "2026-04-16T23:22:06.762Z", "updated_at": "2026-04-23T01:00:20.181Z", "plan": 1, "une": 4, "metric": 5, "year": 2026, "month": 3, "measured_value": "0.00", "target_value": "0.30", "is_achieved": false, "points_awarded": 0, "calculation_note": "INVESTMENT INGRESOS recalculado desde NewClientImportRow (counts_as_new=True). Filas=0. GTQ->USD usando TC=7.64677 del 2026-03. TotalUSD=0."}}, {"model": "pgc.monthlymetricresult", "pk": 83, "fields": {"created_at": "2026-04-16T23:22:06.764Z", "updated_at": "2026-04-23T00:49:23.872Z", "plan": 1, "une": 4, "metric": 8, "year": 2026, "month": 3, "measured_value": null, "target_value": "0.00", "is_achieved": false, "points_awarded": 0, "calculation_note": "Sin datos suficientes o no cumplida."}}, {"model": "pgc.monthlymetricresult", "pk": 84, "fields": {"created_at": "2026-04-16T23:22:06.765Z", "updated_at": "2026-04-23T00:49:23.873Z", "plan": 1, "une": 4, "metric": 7, "year": 2026, "month": 3, "measured_value": null, "target_value": "1.00", "is_achieved": false, "points_awarded": 0, "calculation_note": "Sin datos suficientes o no cumplida."}}, {"model": "pgc.monthlyscorecard", "pk": 11, "fields": {"created_at": "2026-04-16T22:42:37.484Z", "updated_at": "2026-04-23T00:41:34.090Z", "plan": 1, "une": 1, "year": 2026, "month": 2, "total_points": 25, "qualified_threshold": 80, "is_month_qualified": false, "summary_note": "Recalculado desde MonthlyMetricResult para 2026-02"}}, {"model": "pgc.monthlyscorecard", "pk": 12, "fields": {"created_at": "2026-04-16T22:42:37.508Z", "updated_at": "2026-04-23T00:41:34.093Z", "plan": 1, "une": 2, "year": 2026, "month": 2, "total_points": 10, "qualified_threshold": 80, "is_month_qualified": false, "summary_note": "Recalculado desde MonthlyMetricResult para 2026-02"}}, {"model": "pgc.monthlyscorecard", "pk": 13, "fields": {"created_at": "2026-04-16T22:42:37.543Z", "updated_at": "2026-04-23T00:41:34.096Z", "plan": 1, "une": 3, "year": 2026, "month": 2, "total_points": 70, "qualified_threshold": 80, "is_month_qualified": false, "summary_note": "Recalculado desde MonthlyMetricResult para 2026-02"}}, {"model": "pgc.monthlyscorecard", "pk": 14, "fields": {"created_at": "2026-04-16T22:42:37.577Z", "updated_at": "2026-04-23T00:41:34.098Z", "plan": 1, "une": 4, "year": 2026, "month": 2, "total_points": 0, "qualified_threshold": 80, "is_month_qualified": false, "summary_note": "Recalculado desde MonthlyMetricResult para 2026-02"}}, {"model": "pgc.monthlyscorecard", "pk": 15, "fields": {"created_at": "2026-04-16T22:44:40.306Z", "updated_at": "2026-04-23T00:41:33.798Z", "plan": 1, "une": 1, "year": 2026, "month": 1, "total_points": 5, "qualified_threshold": 80, "is_month_qualified": false, "summary_note": "Recalculado desde MonthlyMetricResult para 2026-01"}}, {"model": "pgc.monthlyscorecard", "pk": 16, "fields": {"created_at": "2026-04-16T22:44:40.331Z", "updated_at": "2026-04-23T00:41:33.801Z", "plan": 1, "une": 2, "year": 2026, "month": 1, "total_points": 15, "qualified_threshold": 80, "is_month_qualified": false, "summary_note": "Recalculado desde MonthlyMetricResult para 2026-01"}}, {"model": "pgc.monthlyscorecard", "pk": 17, "fields": {"created_at": "2026-04-16T22:44:40.354Z", "updated_at": "2026-04-23T00:41:33.803Z", "plan": 1, "une": 3, "year": 2026, "month": 1, "total_points": 75, "qualified_threshold": 80, "is_month_qualified": false, "summary_note": "Recalculado desde MonthlyMetricResult para 2026-01"}}, {"model": "pgc.monthlyscorecard", "pk": 18, "fields": {"created_at": "2026-04-16T22:44:40.377Z", "updated_at": "2026-04-23T00:41:33.806Z", "plan": 1, "une": 4, "year": 2026, "month": 1, "total_points": 15, "qualified_threshold": 80, "is_month_qualified": false, "summary_note": "Recalculado desde MonthlyMetricResult para 2026-01"}}, {"model": "pgc.monthlyscorecard", "pk": 19, "fields": {"created_at": "2026-04-16T22:44:40.537Z", "updated_at": "2026-04-23T00:49:23.876Z", "plan": 1, "une": 1, "year": 2026, "month": 3, "total_points": 70, "qualified_threshold": 80, "is_month_qualified": false, "summary_note": "Recalculado desde MonthlyMetricResult para 2026-03"}}, {"model": "pgc.monthlyscorecard", "pk": 20, "fields": {"created_at": "2026-04-16T22:44:40.563Z", "updated_at": "2026-04-23T00:49:23.879Z", "plan": 1, "une": 2, "year": 2026, "month": 3, "total_points": 0, "qualified_threshold": 80, "is_month_qualified": false, "summary_note": "Recalculado desde MonthlyMetricResult para 2026-03"}}, {"model": "pgc.monthlyscorecard", "pk": 21, "fields": {"created_at": "2026-04-16T22:44:40.588Z", "updated_at": "2026-04-23T00:49:23.881Z", "plan": 1, "une": 3, "year": 2026, "month": 3, "total_points": 70, "qualified_threshold": 80, "is_month_qualified": false, "summary_note": "Recalculado desde MonthlyMetricResult para 2026-03"}}, {"model": "pgc.monthlyscorecard", "pk": 22, "fields": {"created_at": "2026-04-16T22:44:40.613Z", "updated_at": "2026-04-23T00:49:23.884Z", "plan": 1, "une": 4, "year": 2026, "month": 3, "total_points": 0, "qualified_threshold": 80, "is_month_qualified": false, "summary_note": "Recalculado desde MonthlyMetricResult para 2026-03"}}, {"model": "pgc.manualrequirementscompliance", "pk": 1, "fields": {"created_at": "2026-04-07T23:36:05.557Z", "updated_at": "2026-04-07T23:36:05.557Z", "plan": 1, "une": 1, "year": 2026, "month": 1, "is_compliant": true, "incident_note": ""}}, {"model": "pgc.manualrequirementscompliance", "pk": 2, "fields": {"created_at": "2026-04-07T23:36:05.558Z", "updated_at": "2026-04-07T23:36:05.558Z", "plan": 1, "une": 2, "year": 2026, "month": 1, "is_compliant": false, "incident_note": "Incumplimiento ilustrativo en enero para Leasing."}}, {"model": "pgc.manualrequirementscompliance", "pk": 3, "fields": {"created_at": "2026-04-07T23:36:05.559Z", "updated_at": "2026-04-07T23:36:05.559Z", "plan": 1, "une": 3, "year": 2026, "month": 1, "is_compliant": true, "incident_note": ""}}, {"model": "pgc.manualrequirementscompliance", "pk": 4, "fields": {"created_at": "2026-04-07T23:36:05.560Z", "updated_at": "2026-04-07T23:36:05.560Z", "plan": 1, "une": 4, "year": 2026, "month": 1, "is_compliant": true, "incident_note": ""}}]